-- phpMyAdmin SQL Dump
-- version 5.0.1
-- https://www.phpmyadmin.net/
--
-- Host: 127.0.0.1
-- Generation Time: Apr 25, 2020 at 05:40 PM
-- Server version: 10.4.11-MariaDB
-- PHP Version: 7.4.3

SET SQL_MODE = "NO_AUTO_VALUE_ON_ZERO";
SET AUTOCOMMIT = 0;
START TRANSACTION;
SET time_zone = "+00:00";


/*!40101 SET @OLD_CHARACTER_SET_CLIENT=@@CHARACTER_SET_CLIENT */;
/*!40101 SET @OLD_CHARACTER_SET_RESULTS=@@CHARACTER_SET_RESULTS */;
/*!40101 SET @OLD_COLLATION_CONNECTION=@@COLLATION_CONNECTION */;
/*!40101 SET NAMES utf8mb4 */;

--
-- Database: `restaurant`
--

-- --------------------------------------------------------

--
-- Table structure for table `bill_details`
--

CREATE TABLE `bill_details` (
  `bill_id` int(11) NOT NULL,
  `dish_id` int(11) NOT NULL,
  `quantity` int(11) NOT NULL,
  `price` double NOT NULL
) ENGINE=InnoDB DEFAULT CHARSET=utf8 COLLATE=utf8_unicode_ci;

-- --------------------------------------------------------

--
-- Table structure for table `blog`
--

CREATE TABLE `blog` (
  `blog_id` int(11) NOT NULL,
  `blog_category` int(11) NOT NULL,
  `blog_title` varchar(255) COLLATE utf8_unicode_ci NOT NULL,
  `blog_content` text COLLATE utf8_unicode_ci NOT NULL,
  `date_created` double NOT NULL,
  `blog_thumbnail` text COLLATE utf8_unicode_ci NOT NULL,
  `blog_summary` text COLLATE utf8_unicode_ci NOT NULL
) ENGINE=InnoDB DEFAULT CHARSET=utf8 COLLATE=utf8_unicode_ci;

--
-- Dumping data for table `blog`
--

INSERT INTO `blog` (`blog_id`, `blog_category`, `blog_title`, `blog_content`, `date_created`, `blog_thumbnail`, `blog_summary`) VALUES
(18, 3, 'Idol bị công ty bỏ phí tài năng: “Công chúa YG” 1 thời bị thất sủng, thiên tài âm nhạc biết 6 thứ tiếng bị SM ghẻ lạnh 11 năm', '<p>Tranh chấp d&agrave;i ng&agrave;y với TS đ&atilde; khiến B.A.P đ&aacute;nh mất giai đoạn ho&agrave;ng kim trong sự nghiệp. D&ugrave; sau đ&oacute; 2 b&ecirc;n giảng h&ograve;a nhưng c&ocirc;ng ty vẫn g&acirc;y phẫn nộ v&igrave; đối xử hời hợt, kh&ocirc;ng ch&uacute; trọng đầu tư cho c&aacute;c ch&agrave;ng trai, khiến sự nghiệp của họ xuống dốc. Cuối c&ugrave;ng, cả 6 th&agrave;nh vi&ecirc;n B.A.P đều chọn rời TS Entertainment sau khi hợp đồng hết hạn.</p>\r\n\r\n<h3>PRISTIN</h3>\r\n\r\n<p><a href=\"https://kenh14cdn.com/2020/2/5/pristinfull117924-1580878217390866136482.jpg\" target=\"_blank\" title=\"\"><img alt=\"Idol bị công ty bỏ phí tài năng: “Công chúa YG” 1 thời bị thất sủng, thiên tài âm nhạc biết 6 thứ tiếng bị SM ghẻ lạnh 11 năm - Ảnh 17.\" id=\"img_0653acc0-47d3-11ea-97bc-632f7c5ac8c8\" src=\"https://kenh14cdn.com/thumb_w/620/2020/2/5/pristinfull117924-1580878217390866136482.jpg\" title=\"Idol bị công ty bỏ phí tài năng: “Công chúa YG” 1 thời bị thất sủng, thiên tài âm nhạc biết 6 thứ tiếng bị SM ghẻ lạnh 11 năm - Ảnh 17.\" /></a></p>\r\n\r\n<p>PRISTIN c&oacute; tiềm năng nổi tiếng khi 7 trong 10 th&agrave;nh vi&ecirc;n từng xuất hiện tại Produce 101, 2 trong số đ&oacute; debut với I.O.I. C&aacute;c c&ocirc; g&aacute;i c&ograve;n gi&agrave;nh tới 3 giải t&acirc;n binh sau ng&agrave;y debut, thế nhưng lại bị c&ocirc;ng ty &quot;bỏ rơi&quot; đầy b&iacute; ẩn.</p>\r\n\r\n<p>PRISTIN &quot;đ&oacute;ng băng&quot; hoạt động trong 1 thời gian d&agrave;i nhưng Pledis Entetainment kh&ocirc;ng hề giải th&iacute;ch l&iacute; do. Tới giữa năm 2019, họ đột ngột tan r&atilde; sau 2 năm tồn tại, k&eacute;o theo v&ocirc; số tin đồn v&agrave; tranh c&atilde;i. D&ugrave; vậy, fan tin rằng nếu Pledis đầu tư, ph&aacute;t triển nh&oacute;m đ&uacute;ng c&aacute;ch th&igrave; c&aacute;c c&ocirc; g&aacute;i đ&atilde; kh&ocirc;ng nhận lấy kết cục buồn như vậy.</p>\r\n\r\n<p><a href=\"https://kenh14cdn.com/2019/5/24/pristin-debut-showcase-13-e1490177502274-15586950519551468139958.jpg\" title=\"PRISTIN bị \"><img alt=\"Idol bị công ty bỏ phí tài năng: “Công chúa YG” 1 thời bị thất sủng, thiên tài âm nhạc biết 6 thứ tiếng bị SM ghẻ lạnh 11 năm - Ảnh 18.\" id=\"img_cf72ecb0-7e11-11e9-bb27-050b095585fc\" src=\"https://kenh14cdn.com/thumb_w/620/2019/5/24/pristin-debut-showcase-13-e1490177502274-15586950519551468139958.jpg\" title=\"Idol bị công ty bỏ phí tài năng: “Công chúa YG” 1 thời bị thất sủng, thiên tài âm nhạc biết 6 thứ tiếng bị SM ghẻ lạnh 11 năm - Ảnh 18.\" /></a></p>\r\n\r\n<p>PRISTIN bị &quot;x&oacute;a sổ&quot; khi mới ra mắt được 2 năm</p>\r\n\r\n<h3>Minzy (2NE1)</h3>\r\n\r\n<p><a href=\"https://kenh14cdn.com/2019/11/8/minzy-1-15731975948841435050123.jpg\" target=\"_blank\" title=\"\"><img alt=\"Idol bị công ty bỏ phí tài năng: “Công chúa YG” 1 thời bị thất sủng, thiên tài âm nhạc biết 6 thứ tiếng bị SM ghẻ lạnh 11 năm - Ảnh 19.\" id=\"img_31012fe0-01f8-11ea-b97a-a15b28c7af0e\" src=\"https://kenh14cdn.com/thumb_w/620/2019/11/8/minzy-1-15731975948841435050123.jpg\" title=\"Idol bị công ty bỏ phí tài năng: “Công chúa YG” 1 thời bị thất sủng, thiên tài âm nhạc biết 6 thứ tiếng bị SM ghẻ lạnh 11 năm - Ảnh 19.\" /></a></p>\r\n\r\n<p>Nhiều fan cho rằng Minzy l&agrave; th&agrave;nh vi&ecirc;n m&agrave; YG &iacute;t y&ecirc;u th&iacute;ch nhất khi 2NE1 c&ograve;n hoạt động. Do đ&oacute;, c&ocirc; chẳng nhận được sự ch&uacute; &yacute; hay được trao cơ hội solo, d&ugrave; em &uacute;t 2NE1 được coi l&agrave; thi&ecirc;n t&agrave;i vũ đạo.</p>\r\n\r\n<p>V&igrave; sự nghiệp bế tắc m&agrave; Minzy đ&atilde; rời 2NE1 v&agrave; YG v&agrave;o năm 2016, k&eacute;o sau đ&oacute; l&agrave; sự đổ vỡ của girlgroup huyền thoại 1 thời. Cho đến nay, d&ugrave; Minzy đang l&agrave; ca sĩ solo nhưng c&ocirc; vẫn v&ocirc; c&ugrave;ng chật vật trong việc khẳng định t&ecirc;n tuổi của ch&iacute;nh m&igrave;nh. &nbsp;</p>\r\n\r\n<p><a href=\"https://kenh14cdn.com/2019/11/8/minzy-15731764779911159951246.jpg\" target=\"_blank\" title=\"Ngay cả khi đã rời YG thì sự nghiệp của Minzy vẫn vô cùng chật vật\"><img alt=\"Idol bị công ty bỏ phí tài năng: “Công chúa YG” 1 thời bị thất sủng, thiên tài âm nhạc biết 6 thứ tiếng bị SM ghẻ lạnh 11 năm - Ảnh 20.\" id=\"img_feb88780-01c6-11ea-bf17-8bebcf0658e8\" src=\"https://kenh14cdn.com/thumb_w/620/2019/11/8/minzy-15731764779911159951246.jpg\" title=\"Idol bị công ty bỏ phí tài năng: “Công chúa YG” 1 thời bị thất sủng, thiên tài âm nhạc biết 6 thứ tiếng bị SM ghẻ lạnh 11 năm - Ảnh 20.\" /></a></p>\r\n\r\n<p>Ngay cả khi đ&atilde; rời YG th&igrave; sự nghiệp của Minzy vẫn v&ocirc; c&ugrave;ng chật vật</p>\r\n\r\n<h3>CL (2NE1)</h3>\r\n\r\n<p><a href=\"https://kenh14cdn.com/2019/11/7/cl-olympics-closing-ceremony-2018-billboard-1548-1573123815936252174159.jpg\" target=\"_blank\" title=\"\"><img alt=\"Idol bị công ty bỏ phí tài năng: “Công chúa YG” 1 thời bị thất sủng, thiên tài âm nhạc biết 6 thứ tiếng bị SM ghẻ lạnh 11 năm - Ảnh 21.\" id=\"img_630c3c70-014c-11ea-af91-25132ec0aed8\" src=\"https://kenh14cdn.com/thumb_w/620/2019/11/7/cl-olympics-closing-ceremony-2018-billboard-1548-1573123815936252174159.jpg\" title=\"Idol bị công ty bỏ phí tài năng: “Công chúa YG” 1 thời bị thất sủng, thiên tài âm nhạc biết 6 thứ tiếng bị SM ghẻ lạnh 11 năm - Ảnh 21.\" /></a></p>\r\n\r\n<p>CL l&agrave; t&ecirc;n tuổi đ&igrave;nh đ&aacute;m trong Kpop, c&ocirc; từng được mệnh danh l&agrave; &quot;c&ocirc;ng ch&uacute;a YG&quot; khi trong những th&aacute;ng ng&agrave;y ho&agrave;ng kim, thủ lĩnh 2NE1 được c&ocirc;ng ty hết l&ograve;ng o bế. Thế nhưng c&ocirc;ng ch&uacute;a 1 thời cũng c&oacute; ng&agrave;y &quot;thất sủng&quot;, v&agrave; bước ngoặt kh&ocirc;ng mong muốn đến với CL khi 2NE1 tan r&atilde; v&agrave;o năm 2016.</p>\r\n\r\n<p>Sau ng&agrave;y 2NE1 ngừng hoạt động, YG từng hứa hỗ trợ sự nghiệp Mỹ tiến của c&ocirc; hết m&igrave;nh, thế nhưng kết quả l&agrave; CL bị &quot;đ&oacute;ng băng&quot; trong nhiều năm. Nữ ca sĩ từng nhiều lần chất vấn c&ocirc;ng ty nhưng chỉ nhận được th&aacute;i độ thờ ơ cho đến l&uacute;c hợp đồng của c&ocirc; hết hạn v&agrave;o cuối năm 2019. Rời YG, sự nghiệp của cựu thủ lĩnh 2NE1 xuống dốc thấy r&otilde; khi album c&ocirc; ra mắt ngay sau đ&oacute; dường như bị c&ocirc;ng ch&uacute;ng l&atilde;ng qu&ecirc;n.</p>\r\n\r\n<p><a href=\"https://kenh14cdn.com/2020/2/26/cl-15826765922422126277249.png\" target=\"_blank\" title=\"CL là nàng công chúa bị YG bỏ quên sau khi hoạt động không còn thành công như trước\"><img alt=\"Idol bị công ty bỏ phí tài năng: “Công chúa YG” 1 thời bị thất sủng, thiên tài âm nhạc biết 6 thứ tiếng bị SM ghẻ lạnh 11 năm - Ảnh 22.\" id=\"img_2d444450-582e-11ea-8682-1d1c89c1e576\" src=\"https://kenh14cdn.com/thumb_w/620/2020/2/26/cl-15826765922422126277249.png\" title=\"Idol bị công ty bỏ phí tài năng: “Công chúa YG” 1 thời bị thất sủng, thiên tài âm nhạc biết 6 thứ tiếng bị SM ghẻ lạnh 11 năm - Ảnh 22.\" /></a></p>\r\n\r\n<p>CL l&agrave; n&agrave;ng c&ocirc;ng ch&uacute;a bị YG bỏ qu&ecirc;n sau khi hoạt động kh&ocirc;ng c&ograve;n th&agrave;nh c&ocirc;ng như trước</p>\r\n\r\n<h3>SPEED</h3>\r\n\r\n<p><a href=\"https://kenh14cdn.com/2020/2/18/speed-1582037906051209087461.jpg\" target=\"_blank\" title=\"\"><img alt=\"Idol bị công ty bỏ phí tài năng: “Công chúa YG” 1 thời bị thất sủng, thiên tài âm nhạc biết 6 thứ tiếng bị SM ghẻ lạnh 11 năm - Ảnh 23.\" id=\"img_1f0d0860-525f-11ea-acf7-9ff66f81c80c\" src=\"https://kenh14cdn.com/thumb_w/620/2020/2/18/speed-1582037906051209087461.jpg\" title=\"Idol bị công ty bỏ phí tài năng: “Công chúa YG” 1 thời bị thất sủng, thiên tài âm nhạc biết 6 thứ tiếng bị SM ghẻ lạnh 11 năm - Ảnh 23.\" /></a></p>\r\n\r\n<p>Netizen cho rằng SPEED l&agrave; nh&acirc;n t&agrave;i bị MBK Entertainment qu&ecirc;n l&atilde;ng. Họ l&agrave; những th&agrave;nh vi&ecirc;n t&aacute;ch ra từ Co-ed School &ndash; nh&oacute;m nhạc hỗn hợp nam nữ ti&ecirc;n phong của Kpop. SPEED v&ocirc; c&ugrave;ng t&agrave;i năng, từng g&acirc;y ấn tượng với khả năng nhảy tr&ecirc;n gi&agrave;y trượt patin nhưng rồi cũng bị c&ocirc;ng ty bỏ b&ecirc; v&agrave; tan r&atilde; v&agrave;o năm 2015.</p>\r\n\r\n<h3>Henry (cựu th&agrave;nh vi&ecirc;n Super Junior-M)</h3>\r\n\r\n<p><a href=\"https://kenh14cdn.com/2018/10/26/henry-15405593850211791564741.jpg\" target=\"_blank\" title=\"\"><img alt=\"Idol bị công ty bỏ phí tài năng: “Công chúa YG” 1 thời bị thất sủng, thiên tài âm nhạc biết 6 thứ tiếng bị SM ghẻ lạnh 11 năm - Ảnh 24.\" id=\"img_7b7c1370-d920-11e8-9339-9d0658c235d3\" src=\"https://kenh14cdn.com/thumb_w/620/2018/10/26/henry-15405593850211791564741.jpg\" title=\"Idol bị công ty bỏ phí tài năng: “Công chúa YG” 1 thời bị thất sủng, thiên tài âm nhạc biết 6 thứ tiếng bị SM ghẻ lạnh 11 năm - Ảnh 24.\" /></a></p>\r\n\r\n<p>Henry được c&ocirc;ng ch&uacute;ng gọi l&agrave; thi&ecirc;n t&agrave;i &acirc;m nhạc nhờ khả năng chơi piano v&agrave; violin đỉnh cao. Anh từng nhận được học bổng to&agrave;n phần của Berklee Collage - nhạc viện &acirc;m nhạc uy t&iacute;n nhất thế giới v&agrave; thi đỗ v&agrave;o khoa biểu diễn &acirc;m nhạc của Đại học</p>\r\n', 1587068173, 'http://localhost:8888/trungdt/uploads/pristinfull117924-1580878217390866136482.jpg', 'Cư dân mạng cho rằng những idol này đã có thể tiến xa hơn nữa nếu không bị công ty bỏ bê, khiến tài năng của họ rơi vào ...'),
(19, 5, 'Bị đồn có đại gia bao nuôi, \"Thánh lố cuồng Lisa\" Ngu Thư Hân trả lời cực \"gắt\", đúng chuẩn tiểu thư có tiền có quyền', '<h2>B&igrave;nh luận năm xưa của &quot;Th&aacute;nh lố ph&aacute;t cuồng v&igrave; Lisa&quot; Ngu Thư H&acirc;n khiến d&acirc;n t&igrave;nh phục s&aacute;t đất.</h2>\r\n\r\n<ul>\r\n	<li><a href=\"https://kenh14.vn/nong-nghi-van-thanh-lo-ngu-thu-han-bi-sao-nam-loi-dung-sam-so-vong-1-phia-dai-dien-noi-gi-20200414150259283.chn\" title=\"Nóng: Nghi vấn \">N&oacute;ng: Nghi vấn &quot;Th&aacute;nh lố cuồng Lisa&quot; Ngu Thư H&acirc;n bị sao nam lợi dụng s&agrave;m sỡ v&ograve;ng 1, ph&iacute;a đại diện n&oacute;i g&igrave;?&nbsp;</a></li>\r\n	<li><a href=\"https://kenh14.vn/tang-chong-mat-7kg-ngu-thu-han-kho-so-giam-can-chi-dam-an-dua-chuot-cham-muoi-ot-giua-dai-tiec-lau-sieu-ngon-20200411232815846.chn\" title=\"Tăng chóng mặt 7kg, Ngu Thư Hân khổ sở giảm cân: Chỉ dám ăn dưa chuột chấm muối ớt giữa đại tiệc lẩu siêu ngon\">Tăng ch&oacute;ng mặt 7kg, Ngu Thư H&acirc;n khổ sở giảm c&acirc;n: Chỉ d&aacute;m ăn dưa chuột chấm muối ớt giữa đại tiệc lẩu si&ecirc;u ngon&nbsp;</a></li>\r\n	<li><a href=\"https://kenh14.vn/an-vat-nhu-mo-khoet-tang-den-7kg-nhung-nhin-thanh-lo-ngu-thu-han-ma-bat-ngo-mat-van-vlive-body-manh-mai-kho-tin-20200412020720908.chn\" title=\"Ăn vặt như mỏ khoét, tăng đến 7kg nhưng nhìn \">Ăn vặt như mỏ kho&eacute;t, tăng đến 7kg nhưng nh&igrave;n &quot;Th&aacute;nh lố&quot; Ngu Thư H&acirc;n m&agrave; bất ngờ: Mặt vẫn V-line, body mảnh mai kh&oacute; tin&nbsp;</a></li>\r\n</ul>\r\n\r\n<ul>\r\n	<li><a href=\"https://kenh14.vn/thanh-cuong-lisa-ngu-thu-han-giay-nay-len-khi-biet-trong-mat-thi-sinh-khac-minh-dieu-chay-nuoc-toi-nhuong-nay-20200410011016611.chn\" target=\"_blank\">Đ&acirc;y l&agrave; phản ứng của &quot;Th&aacute;nh cuồng Lisa&quot; Ngu Thư H&acirc;n khi biết trong mắt th&iacute; sinh kh&aacute;c m&igrave;nh &quot;điệu chảy nước&quot;</a></li>\r\n</ul>\r\n\r\n<p>C&ocirc; n&agrave;ng&nbsp;<a href=\"https://kenh14.vn/ngu-thu-han.html\" target=\"_blank\" title=\"Ngu Thư Hân \">Ngu Thư H&acirc;n</a>&nbsp;của chương tr&igrave;nh &quot;<a href=\"https://kenh14.vn/thanh-xuan-co-ban.html\" target=\"_blank\" title=\"Thanh Xuân Có Bạn \">Thanh Xu&acirc;n C&oacute; Bạn</a>&quot; quả l&agrave; thỏi nam ch&acirc;m thu h&uacute;t sự quan t&acirc;m v&agrave; ch&uacute; &yacute;. Nếu như trước đ&acirc;y, c&aacute;i t&ecirc;n Ngu Thư H&acirc;n kh&aacute; mờ nhạt trong khi đ&oacute;ng kha kh&aacute; c&aacute;c bộ phim, th&igrave; nay chỉ với một tập đầu ti&ecirc;n của &quot;Thanh Xu&acirc;n C&oacute; Bạn&quot;, c&ocirc; n&agrave;ng vụt s&aacute;ng trở th&agrave;nh nh&acirc;n vật đ&igrave;nh đ&aacute;m nhất của show truyền h&igrave;nh n&agrave;y. Ch&iacute;nh v&igrave; thế, đời tư, những c&acirc;u chuyện qu&aacute; khứ của &quot;Th&aacute;nh lố ph&aacute;t cuồng v&igrave;&nbsp;<a href=\"https://kenh14.vn/lisa.html\" target=\"_blank\" title=\"lisa\">Lisa</a>&quot; được d&acirc;n t&igrave;nh đ&agrave;o lại v&agrave; chia sẻ.</p>\r\n\r\n<p><a href=\"https://kenh14cdn.com/2020/4/16/photo-1-1586973729768414310474.jpg\" target=\"_blank\" title=\"\"><img alt=\"Bị đồn có đại gia bao nuôi, Thánh lố cuồng Lisa Ngu Thư Hân trả lời cực gắt, đúng chuẩn tiểu thư có tiền có quyền - Ảnh 2.\" id=\"img_3bfec470-7f43-11ea-8857-0932ff72d4a0\" src=\"https://kenh14cdn.com/thumb_w/620/2020/4/16/photo-1-1586973729768414310474.jpg\" title=\"Bị đồn có đại gia bao nuôi, Thánh lố cuồng Lisa Ngu Thư Hân trả lời cực gắt, đúng chuẩn tiểu thư có tiền có quyền - Ảnh 2.\" /></a></p>\r\n\r\n<p>Mới đ&acirc;y, c&aacute;c blogger v&agrave; netizen đều kh&aacute;o nhau một b&igrave;nh luận đ&aacute;p trả cực gắt của Ngu Thư H&acirc;n khi c&oacute; tin đồn thất thiệt về m&igrave;nh. Cụ thể, từng c&oacute; 1 b&agrave;i đăng &aacute;c &yacute; &aacute;m chỉ Ngu Thư H&acirc;n c&oacute; &quot;kim chủ&quot; chống lưng trong giới giải tr&iacute;: &quot;Được bao dưỡng th&igrave; đừng c&oacute; n&oacute;i đấy l&agrave; bố của m&igrave;nh&quot;. C&ocirc; n&agrave;ng nhanh ch&oacute;ng phản hồi: &quot;T&ocirc;i đ&acirc;y m&agrave; phải cần bao dưỡng ư?&quot;.</p>\r\n\r\n<p><a href=\"https://kenh14cdn.com/2020/4/16/photo-1-15869735777971361904254.jpg\" target=\"_blank\" title=\"\"><img alt=\"Bị đồn có đại gia bao nuôi, Thánh lố cuồng Lisa Ngu Thư Hân trả lời cực gắt, đúng chuẩn tiểu thư có tiền có quyền - Ảnh 3.\" id=\"img_e06d73e0-7f42-11ea-a2f6-f3cbc44652c6\" src=\"https://kenh14cdn.com/thumb_w/620/2020/4/16/photo-1-15869735777971361904254.jpg\" title=\"Bị đồn có đại gia bao nuôi, Thánh lố cuồng Lisa Ngu Thư Hân trả lời cực gắt, đúng chuẩn tiểu thư có tiền có quyền - Ảnh 3.\" /></a></p>\r\n\r\n<p><iframe frameborder=\"no\" id=\"tvc_iplay_Iframe_474468_3187\" scrolling=\"no\"></iframe></p>\r\n\r\n<p>D&acirc;n t&igrave;nh cực kỳ th&iacute;ch th&uacute; với m&agrave;n đ&aacute;p trả n&agrave;y của Ngu Thư H&acirc;n. Khắp Weibo, netizen xứ Trung gật g&ugrave; b&igrave;nh luận: &quot;Bảo ai bị bao nu&ocirc;i kh&ocirc;ng bảo, bảo đ&uacute;ng người vừa c&oacute; tiền vừa c&oacute; quyền thế n&agrave;y&quot;, &quot;Chắc l&uacute;c n&agrave;y người kia chưa biết Ngu Thư H&acirc;n c&ograve;n tự tay l&agrave;m cổ đ&ocirc;ng lớn của nhiều c&ocirc;ng ty&quot;, &quot;Haha, thật hả l&ograve;ng hả dạ l&agrave;m sao&quot;,...</p>\r\n\r\n<p>Ngu Thư H&acirc;n khi tham gia chương tr&igrave;nh từng bị cho l&agrave; c&ocirc; n&agrave;ng đỏng đảnh, chỉ đến khi d&acirc;n t&igrave;nh ph&aacute;t hiện ra gia thế thật sự của c&ocirc; n&agrave;ng mới &quot;đứng h&igrave;nh&quot;. Bố mẹ l&agrave; tr&ugrave;m kinh doanh bất động sản, bản th&acirc;n lại l&agrave; cổ đ&ocirc;ng của nhiều c&ocirc;ng ty lớn nhỏ, tự sở hữu 2 c&ocirc;ng ty kh&aacute;c về mảng điện ảnh v&agrave; truyền h&igrave;nh, Ngu Thư H&acirc;n ho&agrave;n to&agrave;n kh&ocirc;ng phải l&agrave; thi&ecirc;n kim tiểu thư ngơ ng&aacute;c giữa chốn thương trường như nhiều người nhầm tưởng.</p>\r\n\r\n<p><a href=\"https://kenh14cdn.com/2020/4/16/photo-1-158697359835882960803.jpg\" target=\"_blank\" title=\"\"><img alt=\"Bị đồn có đại gia bao nuôi, Thánh lố cuồng Lisa Ngu Thư Hân trả lời cực gắt, đúng chuẩn tiểu thư có tiền có quyền - Ảnh 4.\" id=\"img_ecf06cd0-7f42-11ea-8cbe-abc77c557f3f\" src=\"https://kenh14cdn.com/thumb_w/620/2020/4/16/photo-1-158697359835882960803.jpg\" title=\"Bị đồn có đại gia bao nuôi, Thánh lố cuồng Lisa Ngu Thư Hân trả lời cực gắt, đúng chuẩn tiểu thư có tiền có quyền - Ảnh 4.\" /></a></p>\r\n\r\n<p><a href=\"https://kenh14cdn.com/2020/4/16/photo-1-15869738768821256553934.jpg\" target=\"_blank\" title=\"\"><img alt=\"Bị đồn có đại gia bao nuôi, Thánh lố cuồng Lisa Ngu Thư Hân trả lời cực gắt, đúng chuẩn tiểu thư có tiền có quyền - Ảnh 5.\" id=\"img_938206d0-7f43-11ea-8829-b17a220f8a01\" src=\"https://kenh14cdn.com/thumb_w/620/2020/4/16/photo-1-15869738768821256553934.jpg\" title=\"Bị đồn có đại gia bao nuôi, Thánh lố cuồng Lisa Ngu Thư Hân trả lời cực gắt, đúng chuẩn tiểu thư có tiền có quyền - Ảnh 5.\" /></a></p>\r\n\r\n<p>Nguồn: Weibo</p>\r\n', 1587068835, 'http://localhost:8888/trungdt/uploads/lisa-txcb-158642181259161909935.png', 'Bình luận năm xưa của \"Thánh lố phát cuồng vì Lisa\" Ngu Thư Hân khiến dân tình phục sát đất.');
INSERT INTO `blog` (`blog_id`, `blog_category`, `blog_title`, `blog_content`, `date_created`, `blog_thumbnail`, `blog_summary`) VALUES
(20, 1, '\"Thái tử phi\" Trương Thiên Ái: Tưởng ngoan hiền nay bị vạch trần quá khứ đen dao kéo, khai gian tuổi, chèn ép Triệu Lệ Dĩnh', '<h2 style=\"margin-left:0px; margin-right:0px\"><span style=\"font-size:17px\"><span style=\"font-family:SFD-Bold\"><span style=\"color:#111111\">&quot;Th&aacute;i Tử Phi&quot; Trương Thi&ecirc;n &Aacute;i c&oacute; v&ocirc; số scandal tai tiếng như khai gian tuổi, phẫu thuật thẩm mỹ, cướp vai diễn của đồng nghiệp.</span></span></span></h2>\r\n\r\n<div class=\"knc-relate-wrapper relationnews\" style=\"border-bottom-color:#efefef; border-bottom-style:solid; border-image:initial; border-left-color:initial; border-left-style:initial; border-right-color:initial; border-right-style:initial; border-top-color:initial; border-top-style:initial; border-width:0px 0px 1px; margin-bottom:15px; margin-left:0px; margin-right:0px; margin-top:0px; padding:0px 0px 10px\">\r\n<ul style=\"margin-left:20px; margin-right:0px\">\r\n	<li style=\"list-style-type:none\"><a class=\"show-popup visit-popup\" href=\"https://kenh14.vn/o-nha-quay-vlog-truong-thien-ai-vo-tinh-lo-loat-bang-chung-hen-ho-my-nam-da-co-ban-gai-cua-tai-sao-boss-muon-cuoi-toi-20200225111529621.chn\" style=\"margin:0px; padding:0px; border:0px; font-style:inherit; font-variant:inherit; font-weight:inherit; font-stretch:inherit; font-size:13px; line-height:16px; font-family:inherit; vertical-align:baseline; text-decoration:none; position:relative; color:#383e54\" title=\"Ở nhà quay vlog, Trương Thiên Ái vô tình lộ loạt bằng chứng hẹn hò mỹ nam đã có bạn gái của &quot;Tại Sao Boss Muốn Cưới Tôi&quot;\">Ở nh&agrave; quay vlog, Trương Thi&ecirc;n &Aacute;i v&ocirc; t&igrave;nh lộ loạt bằng chứng hẹn h&ograve; mỹ nam đ&atilde; c&oacute; bạn g&aacute;i của &quot;Tại Sao Boss Muốn Cưới T&ocirc;i&quot;&nbsp;</a></li>\r\n	<li style=\"list-style-type:none\"><a class=\"show-popup visit-popup\" href=\"https://kenh14.vn/hot-nhat-weibo-truong-thien-ai-bong-bat-khoc-nuc-no-tai-san-bay-chuyen-gi-da-xay-ra-2019022710575701.chn\" style=\"margin:0px; padding:0px; border:0px; font-style:inherit; font-variant:inherit; font-weight:inherit; font-stretch:inherit; font-size:13px; line-height:16px; font-family:inherit; vertical-align:baseline; text-decoration:none; position:relative; color:#383e54\" title=\"Hot nhất Weibo: Trương Thiên Ái bỗng bật khóc nức nở tại sân bay, chuyện gì đã xảy ra?\">Hot nhất Weibo: Trương Thi&ecirc;n &Aacute;i bỗng bật kh&oacute;c nức nở tại s&acirc;n bay, chuyện g&igrave; đ&atilde; xảy ra?&nbsp;</a></li>\r\n	<li style=\"list-style-type:none\"><a class=\"show-popup visit-popup\" href=\"https://kenh14.vn/tung-bi-nghi-ngo-lo-di-chung-tham-my-truong-thien-ai-gio-day-lot-xac-voi-hinh-anh-hoan-toan-khac-la-20180715120436632.chn\" style=\"margin:0px; padding:0px; border:0px; font-style:inherit; font-variant:inherit; font-weight:inherit; font-stretch:inherit; font-size:13px; line-height:16px; font-family:inherit; vertical-align:baseline; text-decoration:none; position:relative; color:#383e54\" title=\"Từng bị nghi ngờ lộ di chứng thẩm mỹ, Trương Thiên Ái giờ đây lột xác với hình ảnh hoàn toàn khác lạ\">Từng bị nghi ngờ lộ di chứng thẩm mỹ, Trương Thi&ecirc;n &Aacute;i giờ đ&acirc;y lột x&aacute;c với h&igrave;nh ảnh ho&agrave;n to&agrave;n kh&aacute;c lạ&nbsp;</a></li>\r\n</ul>\r\n</div>\r\n\r\n<div class=\"animated hiding-react-relate react-relate\" style=\"border:0px; margin-bottom:0px; margin-left:0px; margin-right:0px; margin-top:0px; padding:0px\">&nbsp;</div>\r\n\r\n<div style=\"border:0px; margin-bottom:0px; margin-left:0px; margin-right:0px; margin-top:0px; padding:0px\">&nbsp;</div>\r\n\r\n<div class=\"knc-content\" style=\"border:0px; margin-bottom:15px; margin-left:0px; margin-right:0px; margin-top:0px; padding:0px; width:580px\">\r\n<p style=\"margin-left:0px; margin-right:0px; text-align:start\"><span style=\"font-size:17px\"><span style=\"font-family:&quot;Times New Roman&quot;,Georgia,serif\"><span style=\"color:#222222\"><span style=\"font-size:17px\"><span style=\"font-family:&quot;Times New Roman&quot;,Georgia,serif\"><span style=\"color:#222222\"><span style=\"background-color:#ffffff\">L&agrave; 1 trong những mỹ nh&acirc;n h&agrave;ng đầu Cbiz nhưng mỹ nh&acirc;n &quot;Th&aacute;i Tử Phi Thăng Chức K&yacute;&quot;&nbsp;<a class=\"link-inline-content\" href=\"https://kenh14.vn/truong-thien-ai.html\" style=\"margin:0px; padding:0px; border:0px; font:inherit; vertical-align:baseline; text-decoration:none; box-sizing:border-box\" target=\"_blank\" title=\"Trương Thiên Ái\">Trương Thi&ecirc;n &Aacute;i</a>&nbsp;lại c&oacute; đời tư tai tiếng. C&ocirc; ho&agrave;n to&agrave;n xứng đ&aacute;ng kế thừa danh hiệu &quot;Nữ ho&agrave;ng thị phi&quot; của l&agrave;ng giải tr&iacute; Hoa Ngữ sau&nbsp;<a class=\"link-inline-content\" href=\"https://kenh14.vn/pham-bang-bang.html\" style=\"margin:0px; padding:0px; border:0px; font:inherit; vertical-align:baseline; text-decoration:none; box-sizing:border-box\" target=\"_blank\" title=\"Phạm Băng Băng\">Phạm Băng Băng</a>.</span></span></span></span></span></span></span></p>\r\n\r\n<div class=\"VCSortableInPreviewMode noCaption\" style=\"-webkit-text-stroke-width:0px; border:0px; margin-bottom:0px; margin-left:22px; margin-right:22px; margin-top:0px; padding:0px; text-align:center; width:580px\">\r\n<div style=\"border:0px; margin-bottom:0px; margin-left:0px; margin-right:0px; margin-top:0px; padding:0px\"><span style=\"font-size:17px\"><span style=\"font-family:&quot;Times New Roman&quot;,Georgia,serif\"><span style=\"color:#222222\"><span style=\"font-size:17px\"><span style=\"font-family:&quot;Times New Roman&quot;,Georgia,serif\"><span style=\"color:#222222\"><span style=\"background-color:#ffffff\"><a class=\"detail-img-lightbox\" href=\"https://kenh14cdn.com/2020/4/16/photo-20-1587051902356576164556.png\" style=\"margin:0px; padding:0px; border:0px; font:inherit; vertical-align:baseline; text-decoration:none; box-sizing:border-box; cursor:zoom-in; display:block\" target=\"_blank\" title=\"\"><img alt=\"Thái tử phi Trương Thiên Ái: Tưởng ngoan hiền nay bị vạch trần quá khứ đen dao kéo, khai gian tuổi, chèn ép Triệu Lệ Dĩnh - Ảnh 1.\" class=\"lightbox-content\" id=\"img_409da940-7ff9-11ea-95f2-739809619427\" src=\"https://kenh14cdn.com/thumb_w/620/2020/4/16/photo-20-1587051902356576164556.png\" style=\"border:0px; box-sizing:border-box; color:transparent; display:block; font:inherit; margin:0px; max-width:100%; padding:0px; vertical-align:bottom; width:580px\" title=\"Thái tử phi Trương Thiên Ái: Tưởng ngoan hiền nay bị vạch trần quá khứ đen dao kéo, khai gian tuổi, chèn ép Triệu Lệ Dĩnh - Ảnh 1.\" /></a></span></span></span></span></span></span></span></div>\r\n</div>\r\n\r\n<h3 style=\"margin-left:0px; margin-right:0px; text-align:start\"><span style=\"font-size:17px\"><span style=\"font-family:&quot;Times New Roman&quot;,Georgia,serif\"><span style=\"color:#222222\"><span style=\"font-size:26px\"><span style=\"font-family:SFD-Bold\"><span style=\"color:#111111\"><span style=\"background-color:#ffffff\"><strong>&quot;Th&aacute;i tử phi&quot; nổi tiếng to&agrave;n Ch&acirc;u &Aacute; v&agrave; nhan sắc g&acirc;y thương nhớ</strong></span></span></span></span></span></span></span></h3>\r\n\r\n<div class=\"VCSortableInPreviewMode alignRight noCaption2\" style=\"-webkit-text-stroke-width:0px; border:0px; margin-bottom:0px; margin-left:30px; margin-right:-40px; margin-top:10px; padding:0px; text-align:center; width:320px !important\">\r\n<div class=\"listNewsLink-wrapper\" style=\"border-bottom-color:#fb6c27; border-bottom-style:solid; border-image:initial; border-left-color:initial; border-left-style:initial; border-right-color:initial; border-right-style:initial; border-top-color:#fb6c27; border-top-style:solid; border-width:1px 0px; margin-bottom:0px; margin-left:0px; margin-right:0px; margin-top:0px; padding:0px\">\r\n<ul style=\"margin-left:0px; margin-right:0px\">\r\n	<li style=\"list-style-type:none\"><span style=\"font-size:17px\"><span style=\"font-family:&quot;Times New Roman&quot;,Georgia,serif\"><span style=\"color:#222222\"><span style=\"font-size:17px\"><span style=\"font-family:&quot;Times New Roman&quot;,Georgia,serif\"><span style=\"color:#222222\"><span style=\"background-color:#ffffff\"><a href=\"https://kenh14.vn/khau-chien-nong-nhat-cbiz-tinh-cu-ho-ca-to-truong-thien-ai-boi-xau-phia-thai-tu-phi-dap-tra-cuc-gat-20200412155312658.chn\" style=\"margin:0px; padding:0px 0px 15px; border-top:0px; border-right:0px; border-bottom:none; border-left:0px; border-image:initial; font-style:inherit; font-variant:inherit; font-weight:inherit; font-stretch:inherit; font-size:15px; line-height:20px; font-family:SFD-Semibold; vertical-align:baseline; text-decoration:none; box-sizing:border-box; display:flex; text-align:left; color:#383e55\" target=\"_blank\">Khẩu chiến n&oacute;ng nhất Cbiz: &quot;T&igrave;nh cũ Hồ Ca&quot; tố Trương Thi&ecirc;n &Aacute;i b&ocirc;i xấu, ph&iacute;a &quot;Th&aacute;i Tử Phi&quot; đ&aacute;p trả cực gắt</a></span></span></span></span></span></span></span></li>\r\n</ul>\r\n</div>\r\n</div>\r\n\r\n<p style=\"margin-left:0px; margin-right:0px; text-align:start\"><span style=\"font-size:17px\"><span style=\"font-family:&quot;Times New Roman&quot;,Georgia,serif\"><span style=\"color:#222222\"><span style=\"font-size:17px\"><span style=\"font-family:&quot;Times New Roman&quot;,Georgia,serif\"><span style=\"color:#222222\"><span style=\"background-color:#ffffff\">Trương Thi&ecirc;n &Aacute;i, t&ecirc;n thật l&agrave; Trương Kiều, sinh ở Hắc Long Giang, Trung Quốc. C&ocirc; từng sang Nhật Bản học ng&agrave;nh thiết kế thời trang. Năm 2009, nhận lời mời của bạn th&acirc;n ki&ecirc;m đạo diễn, Trương Thi&ecirc;n &Aacute;i sang H&agrave;n Quốc quay 1 bộ phim ngắn c&ugrave;ng với nam diễn vi&ecirc;n Kim Soo Hyun (khi ấy vẫn l&agrave; thực tập sinh).</span></span></span></span></span></span></span></p>\r\n\r\n<p style=\"margin-left:0px; margin-right:0px; text-align:start\"><span style=\"font-size:17px\"><span style=\"font-family:&quot;Times New Roman&quot;,Georgia,serif\"><span style=\"color:#222222\"><span style=\"font-size:17px\"><span style=\"font-family:&quot;Times New Roman&quot;,Georgia,serif\"><span style=\"color:#222222\"><span style=\"background-color:#ffffff\">Lần hợp t&aacute;c n&agrave;y đ&atilde; khiến Trương Thi&ecirc;n &Aacute;i nhen nh&oacute;m t&igrave;nh y&ecirc;u với nghề diễn. Sau khi về nước, c&ocirc; tới Bắc Kinh ph&aacute;t triển sự nghiệp, bước ch&acirc;n v&agrave;o Cbiz với vai tr&ograve; 1 diễn vi&ecirc;n quảng c&aacute;o v&agrave; tới Học viện Điện Ảnh Bắc Kinh học diễn xuất.</span></span></span></span></span></span></span></p>\r\n\r\n<p style=\"margin-left:0px; margin-right:0px; text-align:start\"><span style=\"font-size:17px\"><span style=\"font-family:&quot;Times New Roman&quot;,Georgia,serif\"><span style=\"color:#222222\"><span style=\"font-size:17px\"><span style=\"font-family:&quot;Times New Roman&quot;,Georgia,serif\"><span style=\"color:#222222\"><span style=\"background-color:#ffffff\">Trong 1 thời gian d&agrave;i, Trương Thi&ecirc;n &Aacute;i đ&oacute;ng vai phụ trong nhiều bộ phim nhưng kh&ocirc;ng g&acirc;y được tiếng vang lớn. Đến năm 2015, c&ocirc; bất ngờ g&acirc;y b&atilde;o tr&ecirc;n mạng x&atilde; hội với vai diễn Trương Bồng Bồng trong webdrama &quot;Th&aacute;i Tử Phi Thăng Chức K&yacute;&quot;.</span></span></span></span></span></span></span></p>\r\n\r\n<div class=\"LayoutAlbumWrapper VCSortableInPreviewMode alignJustify noCaption\" style=\"-webkit-text-stroke-width:0px; border:0px; margin-bottom:22px; margin-left:0px; margin-right:0px; margin-top:0px; padding:0px; text-align:center; width:580px\">\r\n<div class=\"LayoutAlbumContent\" style=\"border:0px; margin-bottom:0px; margin-left:0px; margin-right:0px; margin-top:0px; padding:0px; width:580px\">\r\n<div class=\"LayoutAlbumRow\" style=\"border:0px; margin-bottom:0px; margin-left:0px; margin-right:0px; margin-top:0px; padding:0px; width:auto\">\r\n<p><span style=\"font-size:17px\"><span style=\"font-family:&quot;Times New Roman&quot;,Georgia,serif\"><span style=\"color:#222222\"><span style=\"font-size:17px\"><span style=\"font-family:&quot;Times New Roman&quot;,Georgia,serif\"><span style=\"color:#222222\"><span style=\"background-color:#ffffff\"><a class=\"sp-img-zoom\" href=\"https://kenh14cdn.com/2020/4/16/photo-1-1587051902274991419491.jpg\" rel=\"lightbox\" style=\"margin:0px; padding:0px; border:0px; font:inherit; vertical-align:baseline; text-decoration:none; box-sizing:border-box; cursor:-webkit-zoom-in; color:transparent; display:block; height:371px; position:relative; width:309.55px\" title=\"\"><img alt=\"&amp;quot;Th&amp;#225;i tử phi&amp;quot; Trương Thi&amp;#234;n &amp;#193;i: Tưởng ngoan hiền nay bị vạch trần qu&amp;#225; khứ đen dao k&amp;#233;o, khai gian tuổi, ch&amp;#232;n &amp;#233;p Triệu Lệ Dĩnh - Ảnh 3.\" src=\"https://kenh14cdn.com/thumb_w/660/2020/4/16/photo-1-1587051902274991419491.jpg\" style=\"border:0px; box-sizing:border-box; color:transparent; display:block; font:inherit; height:371px; margin:0px; max-width:100%; padding:0px; transition:all 0.25s ease-in-out 0s; vertical-align:baseline; width:309.558px\" title=\"&amp;quot;Th&amp;#225;i tử phi&amp;quot; Trương Thi&amp;#234;n &amp;#193;i: Tưởng ngoan hiền nay bị vạch trần qu&amp;#225; khứ đen dao k&amp;#233;o, khai gian tuổi, ch&amp;#232;n &amp;#233;p Triệu Lệ Dĩnh - Ảnh 3.\" /></a></span></span></span></span></span></span></span></p>\r\n\r\n<p><span style=\"font-size:17px\"><span style=\"font-family:&quot;Times New Roman&quot;,Georgia,serif\"><span style=\"color:#222222\"><span style=\"font-size:17px\"><span style=\"font-family:&quot;Times New Roman&quot;,Georgia,serif\"><span style=\"color:#222222\"><span style=\"background-color:#ffffff\"><a class=\"sp-img-zoom\" href=\"https://kenh14cdn.com/2020/4/16/photo-3-15870519022791234301022.jpg\" rel=\"lightbox\" style=\"margin:0px; padding:0px; border:0px; font:inherit; vertical-align:baseline; text-decoration:none; box-sizing:border-box; cursor:-webkit-zoom-in; color:transparent; display:block; height:371px; position:relative; width:261.313px\" title=\"photo-3\"><img alt=\"&amp;quot;Th&amp;#225;i tử phi&amp;quot; Trương Thi&amp;#234;n &amp;#193;i: Tưởng ngoan hiền nay bị vạch trần qu&amp;#225; khứ đen dao k&amp;#233;o, khai gian tuổi, ch&amp;#232;n &amp;#233;p Triệu Lệ Dĩnh - Ảnh 3.\" src=\"https://kenh14cdn.com/thumb_w/660/2020/4/16/photo-3-15870519022791234301022.jpg\" style=\"border:0px; box-sizing:border-box; color:transparent; display:block; font:inherit; height:371px; margin:0px; max-width:100%; padding:0px; transition:all 0.25s ease-in-out 0s; vertical-align:baseline; width:261.323px\" title=\"&amp;quot;Th&amp;#225;i tử phi&amp;quot; Trương Thi&amp;#234;n &amp;#193;i: Tưởng ngoan hiền nay bị vạch trần qu&amp;#225; khứ đen dao k&amp;#233;o, khai gian tuổi, ch&amp;#232;n &amp;#233;p Triệu Lệ Dĩnh - Ảnh 3.\" /></a></span></span></span></span></span></span></span></p>\r\n</div>\r\n</div>\r\n</div>\r\n\r\n<p style=\"margin-left:0px; margin-right:0px; text-align:start\"><span style=\"font-size:17px\"><span style=\"font-family:&quot;Times New Roman&quot;,Georgia,serif\"><span style=\"color:#222222\"><span style=\"font-size:17px\"><span style=\"font-family:&quot;Times New Roman&quot;,Georgia,serif\"><span style=\"color:#222222\"><span style=\"background-color:#ffffff\">Nhờ th&agrave;nh c&ocirc;ng của bộ phim, độ &quot;hot&quot; của Trương Thi&ecirc;n &Aacute;i l&uacute;c bấy giờ chẳng thua k&eacute;m g&igrave; những minh tinh &quot;lưu lượng&quot; (được ch&uacute; &yacute;, b&agrave;n t&aacute;n nhiều) h&agrave;ng đầu. Kh&ocirc;ng chỉ được nhiều đồng nghiệp khen ngợi, giới truyền th&ocirc;ng c&ograve;n ca ngợi c&ocirc; l&agrave; nữ diễn vi&ecirc;n c&oacute; kh&iacute; chất mạnh mẽ nhất, chẳng thua k&eacute;m đấng m&agrave;y r&acirc;u của Cbiz, chỉ sau &quot;Đ&ocirc;ng Phương Bất Bại&quot; L&acirc;m Thanh H&agrave;. C&oacute; thể n&oacute;i, Trương Thi&ecirc;n &Aacute;i đ&atilde; nổi đ&igrave;nh nổi đ&aacute;m tr&ecirc;n to&agrave;n Ch&acirc;u &Aacute;.</span></span></span></span></span></span></span></p>\r\n\r\n<div class=\"VCSortableInPreviewMode alignCenter noCaption\" style=\"-webkit-text-stroke-width:0px; border:0px; margin-bottom:0px; margin-left:22px; margin-right:22px; margin-top:0px; padding:0px; text-align:center; width:580px\">\r\n<div style=\"border:0px; margin-bottom:0px; margin-left:0px; margin-right:0px; margin-top:0px; padding:0px\"><span style=\"font-size:17px\"><span style=\"font-family:&quot;Times New Roman&quot;,Georgia,serif\"><span style=\"color:#222222\"><span style=\"font-size:17px\"><span style=\"font-family:&quot;Times New Roman&quot;,Georgia,serif\"><span style=\"color:#222222\"><span style=\"background-color:#ffffff\"><a class=\"detail-img-lightbox\" href=\"https://kenh14cdn.com/2020/4/16/photo-4-1587051902281269418738.jpg\" style=\"margin:0px; padding:0px; border:0px; font:inherit; vertical-align:baseline; text-decoration:none; box-sizing:border-box; cursor:zoom-in; display:block\" target=\"_blank\" title=\"\"><img alt=\"Thái tử phi Trương Thiên Ái: Tưởng ngoan hiền nay bị vạch trần quá khứ đen dao kéo, khai gian tuổi, chèn ép Triệu Lệ Dĩnh - Ảnh 4.\" class=\"lightbox-content\" id=\"img_40a152c0-7ff9-11ea-aa4e-af186a481c6a\" src=\"https://kenh14cdn.com/thumb_w/620/2020/4/16/photo-4-1587051902281269418738.jpg\" style=\"border:0px; box-sizing:border-box; color:transparent; display:block; font:inherit; margin:0px; max-width:100%; padding:0px; vertical-align:bottom; width:580px\" title=\"Thái tử phi Trương Thiên Ái: Tưởng ngoan hiền nay bị vạch trần quá khứ đen dao kéo, khai gian tuổi, chèn ép Triệu Lệ Dĩnh - Ảnh 4.\" /></a></span></span></span></span></span></span></span></div>\r\n</div>\r\n\r\n<div class=\"VCSortableInPreviewMode noCaption\" style=\"-webkit-text-stroke-width:0px; border:0px; margin-bottom:0px; margin-left:22px; margin-right:22px; margin-top:0px; padding:0px; text-align:center; width:580px\">\r\n<div style=\"border:0px; margin-bottom:0px; margin-left:0px; margin-right:0px; margin-top:0px; padding:0px\"><span style=\"font-size:17px\"><span style=\"font-family:&quot;Times New Roman&quot;,Georgia,serif\"><span style=\"color:#222222\"><span style=\"font-size:17px\"><span style=\"font-family:&quot;Times New Roman&quot;,Georgia,serif\"><span style=\"color:#222222\"><span style=\"background-color:#ffffff\"><a class=\"detail-img-lightbox\" href=\"https://kenh14cdn.com/2020/4/16/photo-5-1587051902297196224366.jpg\" style=\"margin:0px; padding:0px; border:0px; font:inherit; vertical-align:baseline; text-decoration:none; box-sizing:border-box; cursor:zoom-in; display:block\" target=\"_blank\" title=\"\"><img alt=\"Thái tử phi Trương Thiên Ái: Tưởng ngoan hiền nay bị vạch trần quá khứ đen dao kéo, khai gian tuổi, chèn ép Triệu Lệ Dĩnh - Ảnh 5.\" class=\"lightbox-content\" id=\"img_3d7a2220-7ff9-11ea-8ab8-47fb8602be3f\" src=\"https://kenh14cdn.com/thumb_w/620/2020/4/16/photo-5-1587051902297196224366.jpg\" style=\"border:0px; box-sizing:border-box; color:transparent; display:block; font:inherit; margin:0px; max-width:100%; padding:0px; vertical-align:bottom; width:580px\" title=\"Thái tử phi Trương Thiên Ái: Tưởng ngoan hiền nay bị vạch trần quá khứ đen dao kéo, khai gian tuổi, chèn ép Triệu Lệ Dĩnh - Ảnh 5.\" /></a></span></span></span></span></span></span></span></div>\r\n</div>\r\n\r\n<div class=\"VCSortableInPreviewMode\" style=\"-webkit-text-stroke-width:0px; border:0px; margin-bottom:0px; margin-left:22px; margin-right:22px; margin-top:0px; padding:0px; text-align:center; width:580px\">\r\n<div style=\"border:0px; margin-bottom:0px; margin-left:0px; margin-right:0px; margin-top:0px; padding:0px\"><span style=\"font-size:17px\"><span style=\"font-family:&quot;Times New Roman&quot;,Georgia,serif\"><span style=\"color:#222222\"><span style=\"font-size:17px\"><span style=\"font-family:&quot;Times New Roman&quot;,Georgia,serif\"><span style=\"color:#222222\"><span style=\"background-color:#ffffff\"><a href=\"https://kenh14cdn.com/2020/4/16/photo-6-15870519022991386139418.jpg\" title=\"Trương Thiên Ái được netizen ưu ái đặt cho danh hiệu \"><img alt=\"Thái tử phi Trương Thiên Ái: Tưởng ngoan hiền nay bị vạch trần quá khứ đen dao kéo, khai gian tuổi, chèn ép Triệu Lệ Dĩnh - Ảnh 6.\" class=\"lightbox-content\" id=\"img_4080d270-7ff9-11ea-a42f-9f403806d2ae\" src=\"https://kenh14cdn.com/thumb_w/620/2020/4/16/photo-6-15870519022991386139418.jpg\" style=\"border:0px; box-sizing:border-box; color:transparent; display:block; font:inherit; margin:0px; max-width:100%; padding:0px; vertical-align:bottom; width:580px\" title=\"Thái tử phi Trương Thiên Ái: Tưởng ngoan hiền nay bị vạch trần quá khứ đen dao kéo, khai gian tuổi, chèn ép Triệu Lệ Dĩnh - Ảnh 6.\" /></a></span></span></span></span></span></span></span></div>\r\n\r\n<div class=\"PhotoCMS_Caption\" style=\"border:0px; margin-bottom:0px; margin-left:0px; margin-right:0px; margin-top:0px; padding:10px; text-align:left\">\r\n<p style=\"margin-left:0px; margin-right:0px\"><span style=\"font-size:17px\"><span style=\"font-family:&quot;Times New Roman&quot;,Georgia,serif\"><span style=\"color:#222222\"><span style=\"font-size:17px\"><span style=\"font-family:&quot;Times New Roman&quot;,Georgia,serif\"><span style=\"color:#222222\"><span style=\"background-color:#ffffff\"><span style=\"font-size:inherit\"><span style=\"background-color:#f2f2f2\"><em><span style=\"font-family:inherit\"><span style=\"color:#666666\">Trương Thi&ecirc;n &Aacute;i được netizen ưu &aacute;i đặt cho danh hiệu &quot;&Ocirc;ng x&atilde; quốc d&acirc;n&quot; nhờ kh&iacute; chất mạnh mẽ.</span></span></em></span></span></span></span></span></span></span></span></span></p>\r\n</div>\r\n</div>\r\n\r\n<p style=\"margin-left:0px; margin-right:0px; text-align:start\"><span style=\"font-size:17px\"><span style=\"font-family:&quot;Times New Roman&quot;,Georgia,serif\"><span style=\"color:#222222\"><span style=\"font-size:17px\"><span style=\"font-family:&quot;Times New Roman&quot;,Georgia,serif\"><span style=\"color:#222222\"><span style=\"background-color:#ffffff\">Nhờ đ&oacute;, Trương Thi&ecirc;n &Aacute;i nhận được v&ocirc; số lời mời quảng c&aacute;o, phim ảnh, trở th&agrave;nh đối tượng săn đ&oacute;n của c&aacute;c nh&agrave; đầu tư. Năm 2016, c&ocirc; diễn ch&iacute;nh trong bộ phim điện ảnh &quot;Ngang Qua Thế Giới Của Em&quot; v&agrave; đạt được doanh thu ph&ograve;ng v&eacute; khủng, hơn 800 triệu tệ (2664 tỷ).</span></span></span></span></span></span></span></p>\r\n\r\n<p style=\"margin-left:0px; margin-right:0px; text-align:start\"><span style=\"font-size:17px\"><span style=\"font-family:&quot;Times New Roman&quot;,Georgia,serif\"><span style=\"color:#222222\"><span style=\"font-size:17px\"><span style=\"font-family:&quot;Times New Roman&quot;,Georgia,serif\"><span style=\"color:#222222\"><span style=\"background-color:#ffffff\">Cứ ngỡ sự nghiệp sẽ tiếp tục l&ecirc;n như diều gặp gi&oacute; th&igrave; tiếp đ&oacute;, Trương Thi&ecirc;n &Aacute;i tham gia nhiều bộ phim nổi tiếng như &quot;Kiến Qu&acirc;n Nghiệp Lớn&quot;, &quot;Vũ Động C&agrave;n Kh&ocirc;n&quot;, &quot;Cơ Trưởng Trung Quốc&quot;, &quot;Y&ecirc;u Mi&ecirc;u Truyện&quot;, &quot;Thuyết Tiến H&oacute;a T&igrave;nh Y&ecirc;u&quot;,&hellip; nhưng kh&ocirc;ng g&acirc;y được tiếng vang lớn.</span></span></span></span></span></span></span></p>\r\n\r\n<div class=\"VCSortableInPreviewMode noCaption\" style=\"-webkit-text-stroke-width:0px; border:0px; margin-bottom:0px; margin-left:22px; margin-right:22px; margin-top:0px; padding:0px; text-align:center; width:580px\">\r\n<div style=\"border:0px; margin-bottom:0px; margin-left:0px; margin-right:0px; margin-top:0px; padding:0px\"><span style=\"font-size:17px\"><span style=\"font-family:&quot;Times New Roman&quot;,Georgia,serif\"><span style=\"color:#222222\"><span style=\"font-size:17px\"><span style=\"font-family:&quot;Times New Roman&quot;,Georgia,serif\"><span style=\"color:#222222\"><span style=\"background-color:#ffffff\"><a class=\"detail-img-lightbox\" href=\"https://kenh14cdn.com/2020/4/16/photo-8-1587051902304264588311.jpg\" style=\"margin:0px; padding:0px; border:0px; font:inherit; vertical-align:baseline; text-decoration:none; box-sizing:border-box; cursor:zoom-in; display:block\" target=\"_blank\" title=\"\"><img alt=\"Thái tử phi Trương Thiên Ái: Tưởng ngoan hiền nay bị vạch trần quá khứ đen dao kéo, khai gian tuổi, chèn ép Triệu Lệ Dĩnh - Ảnh 7.\" class=\"lightbox-content\" id=\"img_3e4dc5d0-7ff9-11ea-a48b-9db4b764ae00\" src=\"https://kenh14cdn.com/thumb_w/620/2020/4/16/photo-8-1587051902304264588311.jpg\" style=\"border:0px; box-sizing:border-box; color:transparent; display:block; font:inherit; margin:0px; max-width:100%; padding:0px; vertical-align:bottom; width:580px\" title=\"Thái tử phi Trương Thiên Ái: Tưởng ngoan hiền nay bị vạch trần quá khứ đen dao kéo, khai gian tuổi, chèn ép Triệu Lệ Dĩnh - Ảnh 7.\" /></a></span></span></span></span></span></span></span></div>\r\n</div>\r\n\r\n<p style=\"margin-left:0px; margin-right:0px; text-align:start\"><span style=\"font-size:17px\"><span style=\"font-family:&quot;Times New Roman&quot;,Georgia,serif\"><span style=\"color:#222222\"><span style=\"font-size:17px\"><span style=\"font-family:&quot;Times New Roman&quot;,Georgia,serif\"><span style=\"color:#222222\"><span style=\"background-color:#ffffff\">Về nhan sắc, Trương Thi&ecirc;n &Aacute;i l&agrave; 1 trong những mỹ nh&acirc;n được đ&aacute;nh gi&aacute; cao của l&agrave;ng giải tr&iacute; Hoa ngữ. Với khu&ocirc;n mặt Vline xinh đẹp, sắc sảo, vừa thanh thuần vừa gợi cảm, kh&iacute; chất hơn người, body chữ S cực chuẩn v&agrave; đ&ocirc;i ch&acirc;n &quot;si&ecirc;u phẩm&quot;, c&ocirc; l&agrave; nữ thần trong l&ograve;ng h&agrave;ng triệu nam giới đất nước tỷ d&acirc;n.</span></span></span></span></span></span></span></p>\r\n\r\n<div class=\"LayoutAlbumWrapper VCSortableInPreviewMode alignJustify noCaption\" style=\"-webkit-text-stroke-width:0px; border:0px; margin-bottom:22px; margin-left:0px; margin-right:0px; margin-top:0px; padding:0px; text-align:center; width:580px\">\r\n<div class=\"LayoutAlbumContent\" style=\"border:0px; margin-bottom:0px; margin-left:0px; margin-right:0px; margin-top:0px; padding:0px; width:580px\">\r\n<div class=\"LayoutAlbumRow\" style=\"border:0px; margin-bottom:0px; margin-left:0px; margin-right:0px; margin-top:0px; padding:0px; width:auto\">\r\n<p><span style=\"font-size:17px\"><span style=\"font-family:&quot;Times New Roman&quot;,Georgia,serif\"><span style=\"color:#222222\"><span style=\"font-size:17px\"><span style=\"font-family:&quot;Times New Roman&quot;,Georgia,serif\"><span style=\"color:#222222\"><span style=\"background-color:#ffffff\"><a class=\"sp-img-zoom\" href=\"https://kenh14cdn.com/2020/4/16/photo-10-15870519023251233988324.jpg\" rel=\"lightbox\" style=\"margin:0px; padding:0px; border:0px; font:inherit; vertical-align:baseline; text-decoration:none; box-sizing:border-box; cursor:-webkit-zoom-in; color:transparent; display:block; height:429px; position:relative; width:286px\" title=\"\"><img alt=\"&amp;quot;Th&amp;#225;i tử phi&amp;quot; Trương Thi&amp;#234;n &amp;#193;i: Tưởng ngoan hiền nay bị vạch trần qu&amp;#225; khứ đen dao k&amp;#233;o, khai gian tuổi, ch&amp;#232;n &amp;#233;p Triệu Lệ Dĩnh - Ảnh 8.\" src=\"https://kenh14cdn.com/thumb_w/660/2020/4/16/photo-10-15870519023251233988324.jpg\" style=\"border:0px; box-sizing:border-box; color:transparent; display:block; font:inherit; height:429px; margin:0px; max-width:100%; padding:0px; transition:all 0.25s ease-in-out 0s; vertical-align:baseline; width:286px\" title=\"&amp;quot;Th&amp;#225;i tử phi&amp;quot; Trương Thi&amp;#234;n &amp;#193;i: Tưởng ngoan hiền nay bị vạch trần qu&amp;#225; khứ đen dao k&amp;#233;o, khai gian tuổi, ch&amp;#232;n &amp;#233;p Triệu Lệ Dĩnh - Ảnh 8.\" /></a></span></span></span></span></span></span></span></p>\r\n\r\n<p><span style=\"font-size:17px\"><span style=\"font-family:&quot;Times New Roman&quot;,Georgia,serif\"><span style=\"color:#222222\"><span style=\"font-size:17px\"><span style=\"font-family:&quot;Times New Roman&quot;,Georgia,serif\"><span style=\"color:#222222\"><span style=\"background-color:#ffffff\"><a class=\"sp-img-zoom\" href=\"https://kenh14cdn.com/2020/4/16/photo-9-15870519023221089623346.jpeg\" rel=\"lightbox\" style=\"margin:0px; padding:0px; border:0px; font:inherit; vertical-align:baseline; text-decoration:none; box-sizing:border-box; cursor:-webkit-zoom-in; color:transparent; display:block; height:429px; position:relative; width:286px\" title=\"\"><img alt=\"&amp;quot;Th&amp;#225;i tử phi&amp;quot; Trương Thi&amp;#234;n &amp;#193;i: Tưởng ngoan hiền nay bị vạch trần qu&amp;#225; khứ đen dao k&amp;#233;o, khai gian tuổi, ch&amp;#232;n &amp;#233;p Triệu Lệ Dĩnh - Ảnh 8.\" src=\"https://kenh14cdn.com/thumb_w/660/2020/4/16/photo-9-15870519023221089623346.jpeg\" style=\"border:0px; box-sizing:border-box; color:transparent; display:block; font:inherit; height:429px; margin:0px; max-width:100%; padding:0px; transition:all 0.25s ease-in-out 0s; vertical-align:baseline; width:286px\" title=\"&amp;quot;Th&amp;#225;i tử phi&amp;quot; Trương Thi&amp;#234;n &amp;#193;i: Tưởng ngoan hiền nay bị vạch trần qu&amp;#225; khứ đen dao k&amp;#233;o, khai gian tuổi, ch&amp;#232;n &amp;#233;p Triệu Lệ Dĩnh - Ảnh 8.\" /></a></span></span></span></span></span></span></span></p>\r\n</div>\r\n</div>\r\n</div>\r\n\r\n<div class=\"VCSortableInPreviewMode\" style=\"-webkit-text-stroke-width:0px; border:0px; margin-bottom:0px; margin-left:22px; margin-right:22px; margin-top:0px; padding:0px; text-align:center; width:580px\">\r\n<div style=\"border:0px; margin-bottom:0px; margin-left:0px; margin-right:0px; margin-top:0px; padding:0px\"><span style=\"font-size:17px\"><span style=\"font-family:&quot;Times New Roman&quot;,Georgia,serif\"><span style=\"color:#222222\"><span style=\"font-size:17px\"><span style=\"font-family:&quot;Times New Roman&quot;,Georgia,serif\"><span style=\"color:#222222\"><span style=\"background-color:#ffffff\"><a class=\"detail-img-lightbox\" href=\"https://kenh14cdn.com/2020/4/16/photo-11-15870519023281049077411.jpg\" style=\"margin:0px; padding:0px; border:0px; font:inherit; vertical-align:baseline; text-decoration:none; box-sizing:border-box; cursor:zoom-in; display:block\" target=\"_blank\" title=\"Trương Thiên Ái sở hữu nhan sắc xinh đẹp hoàn hảo.\"><img alt=\"Thái tử phi Trương Thiên Ái: Tưởng ngoan hiền nay bị vạch trần quá khứ đen dao kéo, khai gian tuổi, chèn ép Triệu Lệ Dĩnh - Ảnh 9.\" class=\"lightbox-content\" id=\"img_4172d390-7ff9-11ea-8bdb-5386796b0dfe\" src=\"https://kenh14cdn.com/thumb_w/620/2020/4/16/photo-11-15870519023281049077411.jpg\" style=\"border:0px; box-sizing:border-box; color:transparent; display:block; font:inherit; margin:0px; max-width:100%; padding:0px; vertical-align:bottom; width:580px\" title=\"Thái tử phi Trương Thiên Ái: Tưởng ngoan hiền nay bị vạch trần quá khứ đen dao kéo, khai gian tuổi, chèn ép Triệu Lệ Dĩnh - Ảnh 9.\" /></a></span></span></span></span></span></span></span></div>\r\n\r\n<div class=\"PhotoCMS_Caption\" style=\"border:0px; margin-bottom:0px; margin-left:0px; margin-right:0px; margin-top:0px; padding:10px; text-align:left\">\r\n<p style=\"margin-left:0px; margin-right:0px\"><span style=\"font-size:17px\"><span style=\"font-family:&quot;Times New Roman&quot;,Georgia,serif\"><span style=\"color:#222222\"><span style=\"font-size:17px\"><span style=\"font-family:&quot;Times New Roman&quot;,Georgia,serif\"><span style=\"color:#222222\"><span style=\"background-color:#ffffff\"><span style=\"font-size:inherit\"><span style=\"background-color:#f2f2f2\"><em><span style=\"font-family:inherit\"><span style=\"color:#666666\">Trương Thi&ecirc;n &Aacute;i sở hữu nhan sắc xinh đẹp ho&agrave;n hảo.</span></span></em></span></span></span></span></span></span></span></span></span></p>\r\n</div>\r\n</div>\r\n\r\n<div class=\"VCSortableInPreviewMode noCaption\" style=\"-webkit-text-stroke-width:0px; border:0px; margin-bottom:0px; margin-left:22px; margin-right:22px; margin-top:0px; padding:0px; text-align:center; width:580px\">\r\n<div style=\"border:0px; margin-bottom:0px; margin-left:0px; margin-right:0px; margin-top:0px; padding:0px\"><span style=\"font-size:17px\"><span style=\"font-family:&quot;Times New Roman&quot;,Georgia,serif\"><span style=\"color:#222222\"><span style=\"font-size:17px\"><span style=\"font-family:&quot;Times New Roman&quot;,Georgia,serif\"><span style=\"color:#222222\"><span style=\"background-color:#ffffff\"><a class=\"detail-img-lightbox\" href=\"https://kenh14cdn.com/2020/4/16/photo-12-1587051902333394224313.jpg\" style=\"margin:0px; padding:0px; border:0px; font:inherit; vertical-align:baseline; text-decoration:none; box-sizing:border-box; cursor:zoom-in; display:block\" target=\"_blank\" title=\"\"><img alt=\"Thái tử phi Trương Thiên Ái: Tưởng ngoan hiền nay bị vạch trần quá khứ đen dao kéo, khai gian tuổi, chèn ép Triệu Lệ Dĩnh - Ảnh 10.\" class=\"lightbox-content\" id=\"img_3e8577a0-7ff9-11ea-94cc-f9908238caa6\" src=\"https://kenh14cdn.com/thumb_w/620/2020/4/16/photo-12-1587051902333394224313.jpg\" style=\"border:0px; box-sizing:border-box; color:transparent; display:block; font:inherit; margin:0px; max-width:100%; padding:0px; vertical-align:bottom; width:580px\" title=\"Thái tử phi Trương Thiên Ái: Tưởng ngoan hiền nay bị vạch trần quá khứ đen dao kéo, khai gian tuổi, chèn ép Triệu Lệ Dĩnh - Ảnh 10.\" /></a></span></span></span></span></span></span></span></div>\r\n</div>\r\n\r\n<div class=\"LayoutAlbumWrapper VCSortableInPreviewMode alignJustify noCaption\" style=\"-webkit-text-stroke-width:0px; border:0px; margin-bottom:22px; margin-left:0px; margin-right:0px; margin-top:0px; padding:0px; text-align:center; width:580px\">\r\n<div class=\"LayoutAlbumContent\" style=\"border:0px; margin-bottom:0px; margin-left:0px; margin-right:0px; margin-top:0px; padding:0px; width:580px\">\r\n<div class=\"LayoutAlbumRow\" style=\"border:0px; margin-bottom:0px; margin-left:0px; margin-right:0px; margin-top:0px; padding:0px; width:auto\">\r\n<p><span style=\"font-size:17px\"><span style=\"font-family:&quot;Times New Roman&quot;,Georgia,serif\"><span style=\"color:#222222\"><span style=\"font-size:17px\"><span style=\"font-family:&quot;Times New Roman&quot;,Georgia,serif\"><span style=\"color:#222222\"><span style=\"background-color:#ffffff\"><a class=\"sp-img-zoom\" href=\"https://kenh14cdn.com/2020/4/13/ah7-15867782286581241028736.jpeg\" rel=\"lightbox\" style=\"margin:0px; padding:0px; border:0px; font:inherit; vertical-align:baseline; text-decoration:none; box-sizing:border-box; cursor:-webkit-zoom-in; color:transparent; display:block; height:429px; position:relative; width:286px\" title=\"\"><img alt=\"&amp;quot;Th&amp;#225;i tử phi&amp;quot; Trương Thi&amp;#234;n &amp;#193;i: Tưởng ngoan hiền nay bị vạch trần qu&amp;#225; khứ đen dao k&amp;#233;o, khai gian tuổi, ch&amp;#232;n &amp;#233;p Triệu Lệ Dĩnh - Ảnh 11.\" src=\"https://kenh14cdn.com/thumb_w/660/2020/4/13/ah7-15867782286581241028736.jpeg\" style=\"border:0px; box-sizing:border-box; color:transparent; display:block; font:inherit; height:429px; margin:0px; max-width:100%; padding:0px; transition:all 0.25s ease-in-out 0s; vertical-align:baseline; width:286px\" title=\"&amp;quot;Th&amp;#225;i tử phi&amp;quot; Trương Thi&amp;#234;n &amp;#193;i: Tưởng ngoan hiền nay bị vạch trần qu&amp;#225; khứ đen dao k&amp;#233;o, khai gian tuổi, ch&amp;#232;n &amp;#233;p Triệu Lệ Dĩnh - Ảnh 11.\" /></a></span></span></span></span></span></span></span></p>\r\n\r\n<p><span style=\"font-size:17px\"><span style=\"font-family:&quot;Times New Roman&quot;,Georgia,serif\"><span style=\"color:#222222\"><span style=\"font-size:17px\"><span style=\"font-family:&quot;Times New Roman&quot;,Georgia,serif\"><span style=\"color:#222222\"><span style=\"background-color:#ffffff\"><a class=\"sp-img-zoom\" href=\"https://kenh14cdn.com/2020/4/13/ah8-1586778228663550227682.jpeg\" rel=\"lightbox\" style=\"margin:0px; padding:0px; border:0px; font:inherit; vertical-align:baseline; text-decoration:none; box-sizing:border-box; cursor:-webkit-zoom-in; color:transparent; display:block; height:429px; position:relative; width:286px\" title=\"\"><img alt=\"&amp;quot;Th&amp;#225;i tử phi&amp;quot; Trương Thi&amp;#234;n &amp;#193;i: Tưởng ngoan hiền nay bị vạch trần qu&amp;#225; khứ đen dao k&amp;#233;o, khai gian tuổi, ch&amp;#232;n &amp;#233;p Triệu Lệ Dĩnh - Ảnh 11.\" src=\"https://kenh14cdn.com/thumb_w/660/2020/4/13/ah8-1586778228663550227682.jpeg\" style=\"border:0px; box-sizing:border-box; color:transparent; display:block; font:inherit; height:429px; margin:0px; max-width:100%; padding:0px; transition:all 0.25s ease-in-out 0s; vertical-align:baseline; width:286px\" title=\"&amp;quot;Th&amp;#225;i tử phi&amp;quot; Trương Thi&amp;#234;n &amp;#193;i: Tưởng ngoan hiền nay bị vạch trần qu&amp;#225; khứ đen dao k&amp;#233;o, khai gian tuổi, ch&amp;#232;n &amp;#233;p Triệu Lệ Dĩnh - Ảnh 11.\" /></a></span></span></span></span></span></span></span></p>\r\n</div>\r\n</div>\r\n</div>\r\n\r\n<div class=\"LayoutAlbumWrapper VCSortableInPreviewMode alignJustify\" style=\"-webkit-text-stroke-width:0px; border:0px; margin-bottom:22px; margin-left:0px; margin-right:0px; margin-top:0px; padding:0px; text-align:center; width:580px\">\r\n<div class=\"LayoutAlbumContent\" style=\"border:0px; margin-bottom:0px; margin-left:0px; margin-right:0px; margin-top:0px; padding:0px; width:580px\">\r\n<div class=\"LayoutAlbumRow\" style=\"border:0px; margin-bottom:0.5rem; margin-left:0px; margin-right:0px; margin-top:0px; padding:0px; width:auto\">\r\n<p><span style=\"font-size:17px\"><span style=\"font-family:&quot;Times New Roman&quot;,Georgia,serif\"><span style=\"color:#222222\"><span style=\"font-size:17px\"><span style=\"font-family:&quot;Times New Roman&quot;,Georgia,serif\"><span style=\"color:#222222\"><span style=\"background-color:#ffffff\"><a class=\"sp-img-zoom\" href=\"https://kenh14cdn.com/2020/4/13/ag19-15867781515321652972509.jpg\" rel=\"lightbox\" style=\"margin:0px; padding:0px; border:0px; font:inherit; vertical-align:baseline; text-decoration:none; box-sizing:border-box; cursor:-webkit-zoom-in; color:transparent; display:block; height:387px; position:relative; width:317.212px\" title=\"\"><img alt=\"&amp;quot;Th&amp;#225;i tử phi&amp;quot; Trương Thi&amp;#234;n &amp;#193;i: Tưởng ngoan hiền nay bị vạch trần qu&amp;#225; khứ đen dao k&amp;#233;o, khai gian tuổi, ch&amp;#232;n &amp;#233;p Triệu Lệ Dĩnh - Ảnh 12.\" src=\"https://kenh14cdn.com/thumb_w/660/2020/4/13/ag19-15867781515321652972509.jpg\" style=\"border:0px; box-sizing:border-box; color:transparent; display:block; font:inherit; height:387px; margin:0px; max-width:100%; padding:0px; transition:all 0.25s ease-in-out 0s; vertical-align:baseline; width:317.213px\" title=\"&amp;quot;Th&amp;#225;i tử phi&amp;quot; Trương Thi&amp;#234;n &amp;#193;i: Tưởng ngoan hiền nay bị vạch trần qu&amp;#225; khứ đen dao k&amp;#233;o, khai gian tuổi, ch&amp;#232;n &amp;#233;p Triệu Lệ Dĩnh - Ảnh 12.\" /></a></span></span></span></span></span></span></span></p>\r\n\r\n<p><span style=\"font-size:17px\"><span style=\"font-family:&quot;Times New Roman&quot;,Georgia,serif\"><span style=\"color:#222222\"><span style=\"font-size:17px\"><span style=\"font-family:&quot;Times New Roman&quot;,Georgia,serif\"><span style=\"color:#222222\"><span style=\"background-color:#ffffff\"><a class=\"sp-img-zoom\" href=\"https://kenh14cdn.com/2020/4/13/ag20-15867781515351151825961.jpg\" rel=\"lightbox\" style=\"margin:0px; padding:0px; border:0px; font:inherit; vertical-align:baseline; text-decoration:none; box-sizing:border-box; cursor:-webkit-zoom-in; color:transparent; display:block; height:387px; position:relative; width:253.375px\" title=\"\"><img alt=\"&amp;quot;Th&amp;#225;i tử phi&amp;quot; Trương Thi&amp;#234;n &amp;#193;i: Tưởng ngoan hiền nay bị vạch trần qu&amp;#225; khứ đen dao k&amp;#233;o, khai gian tuổi, ch&amp;#232;n &amp;#233;p Triệu Lệ Dĩnh - Ảnh 12.\" src=\"https://kenh14cdn.com/thumb_w/660/2020/4/13/ag20-15867781515351151825961.jpg\" style=\"border:0px; box-sizing:border-box; color:transparent; display:block; font:inherit; height:387px; margin:0px; max-width:100%; padding:0px; transition:all 0.25s ease-in-out 0s; vertical-align:baseline; width:253.377px\" title=\"&amp;quot;Th&amp;#225;i tử phi&amp;quot; Trương Thi&amp;#234;n &amp;#193;i: Tưởng ngoan hiền nay bị vạch trần qu&amp;#225; khứ đen dao k&amp;#233;o, khai gian tuổi, ch&amp;#232;n &amp;#233;p Triệu Lệ Dĩnh - Ảnh 12.\" /></a></span></span></span></span></span></span></span></p>\r\n</div>\r\n\r\n<div class=\"LayoutAlbumRow\" style=\"border:0px; margin-bottom:0px; margin-left:0px; margin-right:0px; margin-top:0px; padding:0px; width:auto\">\r\n<p><span style=\"font-size:17px\"><span style=\"font-family:&quot;Times New Roman&quot;,Georgia,serif\"><span style=\"color:#222222\"><span style=\"font-size:17px\"><span style=\"font-family:&quot;Times New Roman&quot;,Georgia,serif\"><span style=\"color:#222222\"><span style=\"background-color:#ffffff\"><a class=\"sp-img-zoom\" href=\"https://kenh14cdn.com/2020/4/13/ag21-15867781515381966610663.jpg\" rel=\"lightbox\" style=\"margin:0px; padding:0px; border:0px; font:inherit; vertical-align:baseline; text-decoration:none; box-sizing:border-box; cursor:-webkit-zoom-in; color:transparent; display:block; height:429px; position:relative; width:286px\" title=\"\"><img alt=\"&amp;quot;Th&amp;#225;i tử phi&amp;quot; Trương Thi&amp;#234;n &amp;#193;i: Tưởng ngoan hiền nay bị vạch trần qu&amp;#225; khứ đen dao k&amp;#233;o, khai gian tuổi, ch&amp;#232;n &amp;#233;p Triệu Lệ Dĩnh - Ảnh 12.\" src=\"https://kenh14cdn.com/thumb_w/660/2020/4/13/ag21-15867781515381966610663.jpg\" style=\"border:0px; box-sizing:border-box; color:transparent; display:block; font:inherit; height:429px; margin:0px; max-width:100%; padding:0px; transition:all 0.25s ease-in-out 0s; vertical-align:baseline; width:286px\" title=\"&amp;quot;Th&amp;#225;i tử phi&amp;quot; Trương Thi&amp;#234;n &amp;#193;i: Tưởng ngoan hiền nay bị vạch trần qu&amp;#225; khứ đen dao k&amp;#233;o, khai gian tuổi, ch&amp;#232;n &amp;#233;p Triệu Lệ Dĩnh - Ảnh 12.\" /></a></span></span></span></span></span></span></span></p>\r\n\r\n<p><span style=\"font-size:17px\"><span style=\"font-family:&quot;Times New Roman&quot;,Georgia,serif\"><span style=\"color:#222222\"><span style=\"font-size:17px\"><span style=\"font-family:&quot;Times New Roman&quot;,Georgia,serif\"><span style=\"color:#222222\"><span style=\"background-color:#ffffff\"><a class=\"sp-img-zoom\" href=\"https://kenh14cdn.com/2020/4/13/ah6-1586778151542368871066.jpeg\" rel=\"lightbox\" style=\"margin:0px; padding:0px; border:0px; font:inherit; vertical-align:baseline; text-decoration:none; box-sizing:border-box; cursor:-webkit-zoom-in; color:transparent; display:block; height:429px; position:relative; width:286px\" title=\"\"><img alt=\"&amp;quot;Th&amp;#225;i tử phi&amp;quot; Trương Thi&amp;#234;n &amp;#193;i: Tưởng ngoan hiền nay bị vạch trần qu&amp;#225; khứ đen dao k&amp;#233;o, khai gian tuổi, ch&amp;#232;n &amp;#233;p Triệu Lệ Dĩnh - Ảnh 12.\" src=\"https://kenh14cdn.com/thumb_w/660/2020/4/13/ah6-1586778151542368871066.jpeg\" style=\"border:0px; box-sizing:border-box; color:transparent; display:block; font:inherit; height:429px; margin:0px; max-width:100%; padding:0px; transition:all 0.25s ease-in-out 0s; vertical-align:baseline; width:286px\" title=\"&amp;quot;Th&amp;#225;i tử phi&amp;quot; Trương Thi&amp;#234;n &amp;#193;i: Tưởng ngoan hiền nay bị vạch trần qu&amp;#225; khứ đen dao k&amp;#233;o, khai gian tuổi, ch&amp;#232;n &amp;#233;p Triệu Lệ Dĩnh - Ảnh 12.\" /></a></span></span></span></span></span></span></span></p>\r\n</div>\r\n</div>\r\n\r\n<div class=\"LayoutAlbumCaptionWrapper\" style=\"border:0px; margin-bottom:0px; margin-left:0px; margin-right:0px; margin-top:0px; padding:10px; text-align:left; width:580px\">\r\n<p style=\"margin-left:0px; margin-right:0px; text-align:left !important\"><span style=\"font-size:17px\"><span style=\"font-family:&quot;Times New Roman&quot;,Georgia,serif\"><span style=\"color:#222222\"><span style=\"font-size:17px\"><span style=\"font-family:&quot;Times New Roman&quot;,Georgia,serif\"><span style=\"color:#222222\"><span style=\"background-color:#ffffff\"><span style=\"background-color:#f2f2f2\"><span style=\"font-size:17px\"><span style=\"font-family:SFD-Medium\"><span style=\"color:#666666\">Kh&ocirc;ng chỉ thế, c&ocirc; c&ograve;n sở hữu v&oacute;c d&aacute;ng cực chuẩn v&agrave; đ&ocirc;i ch&acirc;n d&agrave;i cuốn h&uacute;t.</span></span></span></span></span></span></span></span></span></span></span></p>\r\n</div>\r\n</div>\r\n\r\n<h3 style=\"margin-left:0px; margin-right:0px; text-align:start\"><span style=\"font-size:17px\"><span style=\"font-family:&quot;Times New Roman&quot;,Georgia,serif\"><span style=\"color:#222222\"><span style=\"font-size:26px\"><span style=\"font-family:SFD-Bold\"><span style=\"color:#111111\"><span style=\"background-color:#ffffff\"><strong>H&agrave;ng loạt &quot;phốt đen&quot; trong qu&aacute; khứ bị b&oacute;c t&aacute;ch: Khai gian tuổi t&aacute;c, phẫu thuật thẩm mỹ, cướp vai diễn của đồng nghiệp</strong></span></span></span></span></span></span></span></h3>\r\n\r\n<p style=\"margin-left:0px; margin-right:0px; text-align:start\"><span style=\"font-size:17px\"><span style=\"font-family:&quot;Times New Roman&quot;,Georgia,serif\"><span style=\"color:#222222\"><span style=\"font-size:17px\"><span style=\"font-family:&quot;Times New Roman&quot;,Georgia,serif\"><span style=\"color:#222222\"><span style=\"background-color:#ffffff\">Đầu ti&ecirc;n l&agrave; vấn đề tuổi t&aacute;c. Khi c&ograve;n chưa nổi tiếng, theo th&ocirc;ng tin được c&ocirc;ng khai tr&ecirc;n mạng, năm sinh của Trương Thi&ecirc;n &Aacute;i l&agrave; 1988. Tuy nhi&ecirc;n, sau bộ phim &quot;Th&aacute;i Tử Phi Thăng Chức K&yacute;&quot;, năm sinh của c&ocirc; đ&atilde; được sửa th&agrave;nh 1990 v&agrave; c&aacute;ch đ&acirc;y kh&ocirc;ng l&acirc;u, lại 1 lần nữa sửa th&agrave;nh 1992. Ch&iacute;nh v&igrave; l&yacute; do n&agrave;y, netizen nhiều lần mỉa mai rằng: &quot;Tuổi của Trương Thi&ecirc;n &Aacute;i l&agrave; b&iacute; mật chưa được giải đ&aacute;p của giới giải tr&iacute;, c&ocirc; ấy m&atilde;i m&atilde;i 28 tuổi rồi&quot;.</span></span></span></span></span></span></span></p>\r\n\r\n<div class=\"VCSortableInPreviewMode noCaption\" style=\"-webkit-text-stroke-width:0px; border:0px; margin-bottom:0px; margin-left:22px; margin-right:22px; margin-top:0px; padding:0px; text-align:center; width:580px\">\r\n<div style=\"border:0px; margin-bottom:0px; margin-left:0px; margin-right:0px; margin-top:0px; padding:0px\"><span style=\"font-size:17px\"><span style=\"font-family:&quot;Times New Roman&quot;,Georgia,serif\"><span style=\"color:#222222\"><span style=\"font-size:17px\"><span style=\"font-family:&quot;Times New Roman&quot;,Georgia,serif\"><span style=\"color:#222222\"><span style=\"background-color:#ffffff\"><a class=\"detail-img-lightbox\" href=\"https://kenh14cdn.com/2020/4/16/photo-15-15870519023401031248943.png\" style=\"margin:0px; padding:0px; border:0px; font:inherit; vertical-align:baseline; text-decoration:none; box-sizing:border-box; cursor:zoom-in; display:block\" target=\"_blank\" title=\"\"><img alt=\"Thái tử phi Trương Thiên Ái: Tưởng ngoan hiền nay bị vạch trần quá khứ đen dao kéo, khai gian tuổi, chèn ép Triệu Lệ Dĩnh - Ảnh 13.\" class=\"lightbox-content\" id=\"img_4088e8c0-7ff9-11ea-8ab8-47fb8602be3f\" src=\"https://kenh14cdn.com/thumb_w/620/2020/4/16/photo-15-15870519023401031248943.png\" style=\"border:0px; box-sizing:border-box; color:transparent; display:block; font:inherit; margin:0px; max-width:100%; padding:0px; vertical-align:bottom; width:580px\" title=\"Thái tử phi Trương Thiên Ái: Tưởng ngoan hiền nay bị vạch trần quá khứ đen dao kéo, khai gian tuổi, chèn ép Triệu Lệ Dĩnh - Ảnh 13.\" /></a></span></span></span></span></span></span></span></div>\r\n</div>\r\n\r\n<div class=\"VCSortableInPreviewMode noCaption\" style=\"-webkit-text-stroke-width:0px; border:0px; margin-bottom:0px; margin-left:22px; margin-right:22px; margin-top:0px; padding:0px; text-align:center; width:580px\">\r\n<div style=\"border:0px; margin-bottom:0px; margin-left:0px; margin-right:0px; margin-top:0px; padding:0px\"><span style=\"font-size:17px\"><span style=\"font-family:&quot;Times New Roman&quot;,Georgia,serif\"><span style=\"color:#222222\"><span style=\"font-size:17px\"><span style=\"font-family:&quot;Times New Roman&quot;,Georgia,serif\"><span style=\"color:#222222\"><span style=\"background-color:#ffffff\"><a class=\"detail-img-lightbox\" href=\"https://kenh14cdn.com/2020/4/16/photo-16-1587051902342332811697.jpeg\" style=\"margin:0px; padding:0px; border:0px; font:inherit; vertical-align:baseline; text-decoration:none; box-sizing:border-box; cursor:zoom-in; display:block\" target=\"_blank\" title=\"\"><img alt=\"Thái tử phi Trương Thiên Ái: Tưởng ngoan hiền nay bị vạch trần quá khứ đen dao kéo, khai gian tuổi, chèn ép Triệu Lệ Dĩnh - Ảnh 14.\" class=\"lightbox-content\" id=\"img_40985210-7ff9-11ea-8bbb-89c380aeaf80\" src=\"https://kenh14cdn.com/thumb_w/620/2020/4/16/photo-16-1587051902342332811697.jpeg\" style=\"border:0px; box-sizing:border-box; color:transparent; display:block; font:inherit; margin:0px; max-width:100%; padding:0px; vertical-align:bottom; width:580px\" title=\"Thái tử phi Trương Thiên Ái: Tưởng ngoan hiền nay bị vạch trần quá khứ đen dao kéo, khai gian tuổi, chèn ép Triệu Lệ Dĩnh - Ảnh 14.\" /></a></span></span></span></span></span></span></span></div>\r\n</div>\r\n\r\n<div class=\"VCSortableInPreviewMode\" style=\"-webkit-text-stroke-width:0px; border:0px; margin-bottom:0px; margin-left:22px; margin-right:22px; margin-top:0px; padding:0px; text-align:center; width:580px\">\r\n<div style=\"border:0px; margin-bottom:0px; margin-left:0px; margin-right:0px; margin-top:0px; padding:0px\"><span style=\"font-size:17px\"><span style=\"font-family:&quot;Times New Roman&quot;,Georgia,serif\"><span style=\"color:#222222\"><span style=\"font-size:17px\"><span style=\"font-family:&quot;Times New Roman&quot;,Georgia,serif\"><span style=\"color:#222222\"><span style=\"background-color:#ffffff\"><a class=\"detail-img-lightbox\" href=\"https://kenh14cdn.com/2020/4/16/photo-17-15870519023441092344541.jpeg\" style=\"margin:0px; padding:0px; border:0px; font:inherit; vertical-align:baseline; text-decoration:none; box-sizing:border-box; cursor:zoom-in; display:block\" target=\"_blank\" title=\"Năm sinh của Trương Thiên Ái liên tục được thay đổi theo thời gian.\"><img alt=\"Thái tử phi Trương Thiên Ái: Tưởng ngoan hiền nay bị vạch trần quá khứ đen dao kéo, khai gian tuổi, chèn ép Triệu Lệ Dĩnh - Ảnh 15.\" class=\"lightbox-content\" id=\"img_403fd1d0-7ff9-11ea-9b8c-49541554d878\" src=\"https://kenh14cdn.com/thumb_w/620/2020/4/16/photo-17-15870519023441092344541.jpeg\" style=\"border:0px; box-sizing:border-box; color:transparent; display:block; font:inherit; margin:0px; max-width:100%; padding:0px; vertical-align:bottom; width:580px\" title=\"Thái tử phi Trương Thiên Ái: Tưởng ngoan hiền nay bị vạch trần quá khứ đen dao kéo, khai gian tuổi, chèn ép Triệu Lệ Dĩnh - Ảnh 15.\" /></a></span></span></span></span></span></span></span></div>\r\n\r\n<div class=\"PhotoCMS_Caption\" style=\"border:0px; margin-bottom:0px; margin-left:0px; margin-right:0px; margin-top:0px; padding:10px; text-align:left\">\r\n<p style=\"margin-left:0px; margin-right:0px\"><span style=\"font-size:17px\"><span style=\"font-family:&quot;Times New Roman&quot;,Georgia,serif\"><span style=\"color:#222222\"><span style=\"font-size:17px\"><span style=\"font-family:&quot;Times New Roman&quot;,Georgia,serif\"><span style=\"color:#222222\"><span style=\"background-color:#ffffff\"><span style=\"font-size:inherit\"><span style=\"background-color:#f2f2f2\"><em><span style=\"font-family:inherit\"><span style=\"color:#666666\">Năm sinh của Trương Thi&ecirc;n &Aacute;i li&ecirc;n tục được thay đổi theo thời gian.</span></span></em></span></span></span></span></span></span></span></span></span></p>\r\n</div>\r\n</div>\r\n\r\n<p style=\"margin-left:0px; margin-right:0px; text-align:start\"><span style=\"font-size:17px\"><span style=\"font-family:&quot;Times New Roman&quot;,Georgia,serif\"><span style=\"color:#222222\"><span style=\"font-size:17px\"><span style=\"font-family:&quot;Times New Roman&quot;,Georgia,serif\"><span style=\"color:#222222\"><span style=\"background-color:#ffffff\">Đ&aacute;ng kể nhất, Trương Thi&ecirc;n &Aacute;i c&ograve;n vướng tin đồn phẫu thuật thẩm mỹ khi c&oacute; sự &quot;lột x&aacute;c&quot; qu&aacute; ngoạn mục về nhan sắc, từ 1 c&ocirc; g&aacute;i c&oacute; khu&ocirc;n mặt bầu bĩnh th&agrave;nh mỹ nh&acirc;n &quot;chuẩn Vline&quot;. Tuy nhi&ecirc;n, nữ diễn vi&ecirc;n đ&atilde; l&ecirc;n tiếng b&aacute;c bỏ tin đồn v&agrave; khẳng định m&igrave;nh chỉ giảm b&eacute;o th&agrave;nh c&ocirc;ng m&agrave; th&ocirc;i.</span></span></span></span></span></span></span></p>\r\n\r\n<div class=\"VCSortableInPreviewMode\" style=\"-webkit-text-stroke-width:0px; border:0px; margin-bottom:0px; margin-left:22px; margin-right:22px; margin-top:0px; padding:0px; text-align:center; width:580px\">\r\n<div style=\"border:0px; margin-bottom:0px; margin-left:0px; margin-right:0px; margin-top:0px; padding:0px\">&nbsp;</div>\r\n</div>\r\n</div>\r\n', 1587068928, 'http://localhost:8888/trungdt/uploads/photo-20-1587051902356576164556.png', '\"Thái Tử Phi\" Trương Thiên Ái có vô số scandal tai tiếng như khai gian tuổi, phẫu thuật thẩm mỹ, cướp vai diễn của đồng ...');
INSERT INTO `blog` (`blog_id`, `blog_category`, `blog_title`, `blog_content`, `date_created`, `blog_thumbnail`, `blog_summary`) VALUES
(21, 1, 'Mỹ nhân Việt đua nhau diện combo trên trắng - dưới hồng rực dễ sến: Người vẫn sang như thường, người thì \"thắm\" thật', '<h2>Kh&oacute; chơi l&agrave; vậy nhưng combo tr&ecirc;n trắng &ndash; dưới hồng gắt lại được kh&aacute; nhiều mỹ nh&acirc;n Vbiz chọn diện.</h2>\r\n\r\n<ul>\r\n	<li><a href=\"https://kenh14.vn/dien-quan-cap-chun-dau-chi-thoai-mai-ma-con-rat-an-choi-hay-nua-la-ban-co-the-mua-online-khong-can-thu-20200415211834848.chn\" title=\"Diện quần cạp chun đâu chỉ thoải mái mà còn rất “ăn chơi”, hay nữa là bạn có thể mua online không cần thử\">Diện quần cạp chun đ&acirc;u chỉ thoải m&aacute;i m&agrave; c&ograve;n rất &ldquo;ăn chơi&rdquo;, hay nữa l&agrave; bạn c&oacute; thể mua online kh&ocirc;ng cần thử&nbsp;</a></li>\r\n	<li><a href=\"https://kenh14.vn/12-set-do-doi-thuong-cua-sao-han-ro-la-don-gian-nhung-van-xin-dep-va-hut-mat-het-suc-2020041521153969.chn\" title=\"12 set đồ đời thường của sao Hàn rõ là đơn giản nhưng vẫn xịn đẹp và hút mắt hết sức\">12 set đồ đời thường của sao H&agrave;n r&otilde; l&agrave; đơn giản nhưng vẫn xịn đẹp v&agrave; h&uacute;t mắt hết sức&nbsp;</a></li>\r\n	<li><a href=\"https://kenh14.vn/style-lam-dep-giong-nhau-bat-ngo-cua-hoi-center-kpop-toc-tai-den-makeup-deu-suong-suong-nhung-lai-chung-tu-tuong-lon-xo-khuyen-chat-ngau-20200407184325455.chn\" title=\"Style làm đẹp giống nhau bất ngờ của hội center Kpop: Tóc tai đến makeup đều sương sương nhưng lại chung &quot;tư tưởng lớn&quot; xỏ khuyên chất ngầu\">Style l&agrave;m đẹp giống nhau bất ngờ của hội center Kpop: T&oacute;c tai đến makeup đều sương sương nhưng lại chung &quot;tư tưởng lớn&quot; xỏ khuy&ecirc;n chất ngầu&nbsp;</a></li>\r\n</ul>\r\n\r\n<p>C&aacute;ch kết hợp gam m&agrave;u trắng v&agrave; hồng đậm tạo n&ecirc;n độ tương phản mạnh mẽ, v&agrave; v&igrave; vậy, người diện sẽ nổi bần bật giữa đ&aacute;m đ&ocirc;ng. Tuy nhi&ecirc;n, combo m&agrave;u sắc n&agrave;y lại rất dễ &quot;sến sẩm h&oacute;a&quot; phong c&aacute;ch của chủ nh&acirc;n, nếu họ kh&ocirc;ng lựa chọn kiểu d&aacute;ng c&aacute;c items v&agrave; mix đồ thật kh&eacute;o.</p>\r\n\r\n<p>Kh&oacute; chơi l&agrave; vậy nhưng combo tr&ecirc;n trắng &ndash; dưới hồng rực lại được kh&aacute; nhiều mỹ nh&acirc;n Vbiz chọn diện; thế nhưng, kh&ocirc;ng phải ai cũng chinh phục từ ổn cho đến xuất sắc cặp m&agrave;u trang phục n&agrave;y.</p>\r\n\r\n<p><a href=\"https://kenh14cdn.com/2020/4/16/photo-1-15870268289431680253604.jpg\" target=\"_blank\" title=\"Bộ đôi áo crop top + chân váy hồng đã làm tốt nhiệm vụ tôn lên vóc dáng chuẩn chỉnh của Khả Ngân. Cô nàng cũng toát lên vẻ sexy, khỏe khoắn và nổi bần bật khi diện combo trắng – hồng rực rỡ này.\"><img alt=\"Mỹ nhân Việt đua nhau diện combo trên trắng - dưới hồng rực dễ sến: Người vẫn sang như thường, người thì thắm thật - Ảnh 1.\" id=\"img_de452a50-7fbe-11ea-8600-f9ab1757833b\" src=\"https://kenh14cdn.com/thumb_w/620/2020/4/16/photo-1-15870268289431680253604.jpg\" title=\"Mỹ nhân Việt đua nhau diện combo trên trắng - dưới hồng rực dễ sến: Người vẫn sang như thường, người thì thắm thật - Ảnh 1.\" /></a></p>\r\n\r\n<p>Bộ đ&ocirc;i &aacute;o crop top + ch&acirc;n v&aacute;y hồng đ&atilde; l&agrave;m tốt nhiệm vụ t&ocirc;n l&ecirc;n v&oacute;c d&aacute;ng chuẩn chỉnh của Khả Ng&acirc;n. C&ocirc; n&agrave;ng cũng to&aacute;t l&ecirc;n vẻ sexy, khỏe khoắn v&agrave; nổi bần bật khi diện combo trắng &ndash; hồng rực rỡ n&agrave;y.</p>\r\n\r\n<p><a href=\"https://kenh14cdn.com/2020/4/16/photo-1-15870268358471837893681.jpg\" target=\"_blank\" title=\"Nhờ chọn những items có kiểu dáng basic như áo blazer, quần ống đứng; cộng thêm cách nhấn nhá túi xách, giày dép, phụ kiện hết sức tinh tế, vẻ ngoài của Thanh Hằng vẫn thanh lịch và sang như thường.\"><img alt=\"Mỹ nhân Việt đua nhau diện combo trên trắng - dưới hồng rực dễ sến: Người vẫn sang như thường, người thì thắm thật - Ảnh 2.\" id=\"img_e0a56170-7fbe-11ea-a80f-554bd23f9ad5\" src=\"https://kenh14cdn.com/thumb_w/620/2020/4/16/photo-1-15870268358471837893681.jpg\" title=\"Mỹ nhân Việt đua nhau diện combo trên trắng - dưới hồng rực dễ sến: Người vẫn sang như thường, người thì thắm thật - Ảnh 2.\" /></a></p>\r\n\r\n<p>Nhờ chọn những items c&oacute; kiểu d&aacute;ng basic như &aacute;o blazer, quần ống đứng; cộng th&ecirc;m c&aacute;ch nhấn nh&aacute; t&uacute;i x&aacute;ch, gi&agrave;y d&eacute;p, phụ kiện hết sức tinh tế, vẻ ngo&agrave;i của Thanh Hằng vẫn thanh lịch v&agrave; sang như thường.</p>\r\n\r\n<p><a href=\"https://kenh14cdn.com/2020/4/16/photo-2-1587026835849190060960.jpg\" target=\"_blank\" title=\"Combo Minh Hằng chọn diện bao gồm áo blouse cut-out khá điệu, quần ống rộng hồng gắt và nhấn nhá chiếc khăn buộc tóc. Vẻ ngoài của Minh Hằng rất trẻ xinh, tràn đầy sức sống nhưng để nói về độ sang chảnh, thời thượng thì vẫn chưa tới.\"><img alt=\"Mỹ nhân Việt đua nhau diện combo trên trắng - dưới hồng rực dễ sến: Người vẫn sang như thường, người thì thắm thật - Ảnh 3.\" id=\"img_e0ac6650-7fbe-11ea-a1da-6b2d178e57d1\" src=\"https://kenh14cdn.com/thumb_w/620/2020/4/16/photo-2-1587026835849190060960.jpg\" title=\"Mỹ nhân Việt đua nhau diện combo trên trắng - dưới hồng rực dễ sến: Người vẫn sang như thường, người thì thắm thật - Ảnh 3.\" /></a></p>\r\n\r\n<p>Combo Minh Hằng chọn diện bao gồm &aacute;o blouse cut-out kh&aacute; điệu, quần ống rộng hồng gắt v&agrave; nhấn nh&aacute; chiếc khăn buộc t&oacute;c. Vẻ ngo&agrave;i của Minh Hằng rất trẻ xinh, tr&agrave;n đầy sức sống nhưng để n&oacute;i về độ sang chảnh, thời thượng th&igrave; vẫn chưa tới.</p>\r\n\r\n<p><a href=\"https://kenh14cdn.com/2020/4/16/photo-3-15870268358501579498884.jpg\" title=\"Ham phụ kiện, kết hợp màu sắc lòe loẹt, cộng thêm cách chỉnh ảnh \"><img alt=\"Mỹ nhân Việt đua nhau diện combo trên trắng - dưới hồng rực dễ sến: Người vẫn sang như thường, người thì thắm thật - Ảnh 4.\" id=\"img_e0830c60-7fbe-11ea-8857-0932ff72d4a0\" src=\"https://kenh14cdn.com/thumb_w/620/2020/4/16/photo-3-15870268358501579498884.jpg\" title=\"Mỹ nhân Việt đua nhau diện combo trên trắng - dưới hồng rực dễ sến: Người vẫn sang như thường, người thì thắm thật - Ảnh 4.\" /></a></p>\r\n\r\n<p>Ham phụ kiện, kết hợp m&agrave;u sắc l&ograve;e loẹt, cộng th&ecirc;m c&aacute;ch chỉnh ảnh &quot;lố tay&quot; đ&atilde; khiến tổng thể trang phục của Phạm Hương sến kh&ocirc;ng để đ&acirc;u cho hết. C&ocirc; n&ecirc;n tinh giản h&oacute;a set đồ, chọn gi&agrave;y d&eacute;p, t&uacute;i x&aacute;ch m&agrave;u trung t&iacute;nh th&igrave; mọi thứ sẽ ổn hơn ch&uacute;t đỉnh.</p>\r\n\r\n<p><a href=\"https://kenh14cdn.com/2020/4/16/photo-4-15870268358511627781881.jpg\" title=\"Sam rất tiết chế ở khoản nhấn nhá phụ kiện, cách chọn giày cũng hợp lý hết sức, bởi vậy mà set đồ trắng - hồng \"><img alt=\"Mỹ nhân Việt đua nhau diện combo trên trắng - dưới hồng rực dễ sến: Người vẫn sang như thường, người thì thắm thật - Ảnh 5.\" id=\"img_e0d5e750-7fbe-11ea-b245-49118c38b197\" src=\"https://kenh14cdn.com/thumb_w/620/2020/4/16/photo-4-15870268358511627781881.jpg\" title=\"Mỹ nhân Việt đua nhau diện combo trên trắng - dưới hồng rực dễ sến: Người vẫn sang như thường, người thì thắm thật - Ảnh 5.\" /></a></p>\r\n\r\n<p>Sam rất tiết chế ở khoản nhấn nh&aacute; phụ kiện, c&aacute;ch chọn gi&agrave;y cũng hợp l&yacute; hết sức, bởi vậy m&agrave; set đồ trắng - hồng &quot;yểu điệu&quot; chỉ gi&uacute;p c&ocirc; th&ecirc;m sang chảnh, y&ecirc;u kiều chứ kh&ocirc;ng hề sến.</p>\r\n', 1587068971, 'http://localhost:8888/trungdt/uploads/photo-1-15870268289431680253604.jpg', 'Khó chơi là vậy nhưng combo trên trắng – dưới hồng gắt lại được khá nhiều mỹ nhân Vbiz chọn diện.'),
(25, 3, 'Trungdz', '<p><img alt=\"\" src=\"/ckfinder/userfiles/images/20176893.jpg\" style=\"height:592px; width:400px\" /></p>\r\n', 1587153740, 'http://localhost:8888/trungdt/uploads/20176893.jpg', 'Trungdz'),
(27, 1, 'anh iêu em anh iêu em anh iêu em anh iêu em anh iêu em anh iêu em anh iêu em anh iêu em anh iêu em anh iêu em', '1 cú lừa vĩ đại 1 cú lừa vĩ đại1 cú lừa vĩ đại1 cú lừa vĩ đại 1 cú lừa vĩ đại 1 cú lừa vĩ đại1 cú lừa vĩ đại1 cú lừa vĩ đại1 cú lừa vĩ đại1 cú lừa vĩ đại1 cú lừa vĩ đại1 cú lừa vĩ đại1 cú lừa vĩ đại', 1587235818, 'http://localhost:8888/trungdt/uploads/20176893.jpg', 'aaaaaaaaaaaaaaaaaaaa 1 cú lừa vĩ đại 1 cú lừa vĩ đại 1 cú lừa vĩ đại 1 cú lừa vĩ đại 1 cú lừa vĩ đại 1 cú lừa vĩ đại 1 cú lừa vĩ đại 1 cú lừa vĩ đại 1 cú lừa vĩ đại 1 cú lừa vĩ đại 1 cú lừa vĩ đại 1 cú lừa vĩ đại 1 cú lừa vĩ đại 1 cú lừa vĩ đại'),
(29, 1, '11', '1', 1587239664, 'http://localhost:8888/trungdt/uploads/pristinfull117924-1580878217390866136482.jpg', '123');

--
-- Triggers `blog`
--
DELIMITER $$
CREATE TRIGGER `Automatically create date` BEFORE INSERT ON `blog` FOR EACH ROW BEGIN
	SET NEW.date_created = UNIX_TIMESTAMP();
END
$$
DELIMITER ;

-- --------------------------------------------------------

--
-- Table structure for table `blog_category`
--

CREATE TABLE `blog_category` (
  `id` int(11) NOT NULL,
  `category_name` varchar(255) COLLATE utf8_unicode_ci NOT NULL
) ENGINE=InnoDB DEFAULT CHARSET=utf8 COLLATE=utf8_unicode_ci;

--
-- Dumping data for table `blog_category`
--

INSERT INTO `blog_category` (`id`, `category_name`) VALUES
(1, 'tuyển dụng'),
(2, 'tin nhà hàng'),
(3, 'tin thể thao'),
(4, 'tin sáng'),
(5, 'tin trưa123');

-- --------------------------------------------------------

--
-- Table structure for table `dish`
--

CREATE TABLE `dish` (
  `dish_id` int(11) NOT NULL,
  `dish_cat` int(11) NOT NULL,
  `dish_name` varchar(255) COLLATE utf8_unicode_ci NOT NULL,
  `dish_summary` text COLLATE utf8_unicode_ci NOT NULL,
  `dish_details` text COLLATE utf8_unicode_ci NOT NULL,
  `dish_price` double NOT NULL,
  `dish_date_created` double NOT NULL,
  `dish_status` int(11) NOT NULL,
  `dish_image` text COLLATE utf8_unicode_ci NOT NULL,
  `dish_featured` int(11) NOT NULL
) ENGINE=InnoDB DEFAULT CHARSET=utf8 COLLATE=utf8_unicode_ci;

--
-- Dumping data for table `dish`
--

INSERT INTO `dish` (`dish_id`, `dish_cat`, `dish_name`, `dish_summary`, `dish_details`, `dish_price`, `dish_date_created`, `dish_status`, `dish_image`, `dish_featured`) VALUES
(1, 1, 'Bún chả', 'Món ăn đặc sắc Hà Nội.', 'Bún chả là món ăn với bún, chả thịt lợn nướng trên than hoa và bát nước mắm chua cay mặn ngọt. Món ăn xuất xứ từ miền Bắc Việt Nam, là thứ quà có sức sống lâu bền nhất của Hà Nội', 35, 1587450007, 1, 'http://localhost:8888/trungdt/uploads/bun_cha.jpg', 1),
(2, 1, 'Phở bò', 'Món ăn truyền thống của người Việt.', 'Phở là một món ăn truyền thống của Việt Nam, được cho là có nguồn gốc từ Nam Định, cũng có thể xem là một trong những món ăn tiêu biểu cho nền ẩm thực Việt Nam.', 35, 1587450267, 0, 'http://localhost:8888/trungdt/uploads/pho_bo_ha_noi.jpg', 1),
(3, 2, 'Phở cuốn', 'Ngon miệng, mát ruột, đủ chất mà lại dễ làm.', 'Phở cuốn là một món ăn có nguồn gốc từ món phở, lần đầu tiên xuất hiện ở ngã tư phố Ngũ Xã và đường Nguyễn Khắc Hiếu tại thành phố Hà Nội.', 25, 1587450493, 0, 'http://localhost:8888/trungdt/uploads/pho_cuon.jpg', 1),
(4, 3, 'Phở gà', 'Món phở gà thơm ngon, đậm đà, nóng hổi.', 'Phở gà với hương vị thơm ngon đặc biệt hấp dẫn người thưởng thức bởi sợi phở dai ngon, nước dùng thanh ngọt cùng những miếng thịt gà béo ngậy.', 30, 1587450827, 0, 'http://localhost:8888/trungdt/uploads/pho_ga.jpg', 0),
(5, 2, 'Cơm rang dưa bò', 'Cơm rang dưa bò có màu vàng ươm, giòn giòn, thơm phức.', 'Cơm rang dưa bò ngon chuẩn vị của người Hà Thành với hạt cơm rang vàng ươm được bao bọc bởi trứng gà kết hợp cùng vị thơm đậm đà của thịt bò và chút dưa muối chua khiến cho món ngon nhiều đạm này vẫn hấp dẫn mà ăn không bị ngấy, ăn một lần là cứ muốn ăn mãi không thôi.', 30, 1587451045, 0, 'http://localhost:8888/trungdt/uploads/com_rang_dua_bo.jpg', 0),
(6, 1, 'French toast', 'Thick slices of bread, soaked in a mixture of beaten eggs with milk and cinnamon.', 'French toast is served as a sweet dish, milk, sugar, vanilla or cinnamon are also commonly added before pan-frying, and then it may be topped with sugar (often powdered sugar), butter, fruit, or syrup.', 12, 1587451355, 1, 'http://localhost:8888/trungdt/uploads/frech_toast.jpg', 1),
(8, 1, 'Cheese breads', ' A delicious soft, homemade cheese bread.', 'Cheese breads may refer to a variety of small, baked, cheese-flavored rolls, a popular snack and breakfast food.', 20, 1587456237, 1, 'http://localhost:8888/trungdt/uploads/cheese_bread.jpg', 1),
(9, 2, 'Hamburger', 'A round, flat piece of minced beef, fried and usually eaten between two halves of a bread roll.', 'A hamburger or burger is a type of sandwich with cooked ground meat between the two halves of a bun. Tomatoes, onions, cheese, salad and dips may also be added. The hamburger may be eaten without a knife and fork, so it is a fast food which can be eaten anywhere.', 10, 1587457135, 0, 'http://localhost:8888/trungdt/uploads/hamburger.jpg', 0),
(10, 3, 'Steak', 'Một món ăn đặc trưng của phương Tây.', 'Bò bít tết là một món ăn xuất xứ từ phương Tây với đặc trưng là miếng thịt bò được cắt lát mỏng và phẳng, thường được cắt vuông góc với các sợi cơ và sau đó được nướng, chiên hai mặt nửa sống nửa chín, kết hợp với các gia vị chuyên dụng như dầu, mỡ, hành tây.', 20, 1587457740, 1, 'http://localhost:8888/trungdt/uploads/beef_steak.jpg', 1),
(11, 1, 'Bánh mì bơ', 'Món ăn healthy phù hợp với người diet.', 'Bánh mì bơ là một sản phẩm đồ ăn bao gồm bánh mì là nguyên liệu chính với bơ và dầu ô liu và được chế biến theo phương pháp nướng.', 10, 1587457865, 1, 'http://localhost:8888/trungdt/uploads/banh_mi_bo.jpg', 1),
(12, 3, 'Thịt sốt cam', 'Sốt cam thơm ngọt kết hợp cùng thịt ba chỉ heo được chiên vàng vừa đẹp mắt vừa ngon miệng.', 'Thịt chiên giòn sốt cam mềm mà không khô, bên ngoài phủ lớp sốt cam chua chua ngọt ngọt sóng sánh, chỉ cần thử 1 miếng thôi ai cũng sẽ thích mê.', 25, 1587458374, 1, 'http://localhost:8888/trungdt/uploads/thit_sot_cam.jpg', 1),
(13, 1, 'Mì trộn', 'Món ăn đặc trưng Hàn Quốc.', 'Một món ăn lạnh được làm bằng mì bột mì rất mỏng gọi là somyeon có thêm hương vị, là một trong những món mì truyền thống phổ biến nhất trong ẩm thực Hàn Quốc và đặc biệt phổ biến trong mùa hè.', 24.5, 1587458439, 1, 'http://localhost:8888/trungdt/uploads/mi_tron.jpg', 0),
(14, 2, 'Ngêu xào', 'Món ăn thích hợp vào hè.', 'Nghêu xào tỏi ớt là món ăn hấp dẫn với cách làm khá đơn giản sẽ đem lại món ăn lạ miệng.', 18.5, 1587458531, 1, 'http://localhost:8888/trungdt/uploads/ngeu_xao.jpg', 0),
(15, 1, 'Bánh cuốn', 'Món ăn sáng của người miền Bắc Việt Nam', 'Bánh cuốn còn gọi là bánh mướt hay bánh ướt là tên gọi một loại thực phẩm làm từ bột gạo hấp tráng mỏng, cuộn tròn, bên trong độn nhân rau hoặc thịt.', 22.5, 1587659784, 0, 'http://localhost:8888/trungdt/uploads/banh_cuon.jpg', 0),
(16, 1, 'Bún bò', 'Bún bò Huế có tên gọi tiếng anh là Beef Soup of Hue', 'Bún bò là một trong những đặc sản của xứ Huế, món bún này phổ biến trên cả ba miền ở Việt Nam và cả người Việt tại hải ngoại.', 15, 1587659870, 0, 'http://localhost:8888/trungdt/uploads/bun_bo.jpg', 0),
(17, 3, 'Oyster with lime', 'Special dish of oysters', 'Raw oysters served with lemon are refreshing. A dish suitable for those who like freshness.', 40, 1587660061, 1, 'http://localhost:8888/trungdt/uploads/hau_nuong.jpg', 0),
(18, 3, 'Ngêu nướng mỡ hành', 'Món ngêu phù hợp cho trời se lạnh.', 'Món ngêu được tẩm ướp vừa miệng. Nướng cùng mỡ hành cho cảm giác béo ngậy, hương vị khó quên.', 34, 1587660268, 0, 'http://localhost:8888/trungdt/uploads/ngeu_nuong_mo_hanh.jpg', 0),
(19, 3, 'Curry rice', 'A really great Curried Rice that won\'t disappoint!', 'It is one of the most popular dishes in Japan. The very common \"curry rice\" is most commonly referred to simply as \"curry\" (カレー, karē).', 36.5, 1587660433, 0, 'http://localhost:8888/trungdt/uploads/cari_rice.jpg', 1),
(20, 3, 'Hải sản hấp', 'Gồm nhiều đặc sản đến từ biển.', 'Cho những ai yêu thích hải sản. Đây là combo món hấp với nguyên liệu chính là hải sản tươi sống', 60, 1587660521, 1, 'http://localhost:8888/trungdt/uploads/hai_san_hap.jpg', 1),
(21, 3, 'Bún đậu mắm tôm', 'Món ăn đặc trưng đến từ thủ đô Hà Nội.', 'Món ăn gồm đậu phụ rán, thịt luộn, lòng rán, nem ăn kèm với bún và đặc biệt không thể thiếu mắm tôm thần thánh tạo nên hương vị đặc trưng khó quên của món ăn này.', 15.5, 1587660615, 0, 'http://localhost:8888/trungdt/uploads/bun_dau_mam_tom.jpg', 1),
(22, 3, 'Mỳ đen Hàn Quốc', 'Món ăn truyền thống của người Hàn.', 'Món mỳ đen nổi tiếng của Hàn Quốc nhưng được biến tấu phù hợp với sự sang trọng của nhà hàng. Được ăn kèm với ngêu đặc biệt và sốt đặc biệt.', 29.5, 1587660725, 1, 'http://localhost:8888/trungdt/uploads/my_den.jpg', 1),
(23, 2, 'Bún riêu', 'Món ăn sáng của cả 3 miền Việt Nam.', 'Được nấu từ cua đồng tạo nên vị ngọt, thơm ngon thần thánh. Ăn kèm với đậu phụ rán, giò, thịt bò và rau sống. Đây chắc chắn là món ăn sáng phải thử khi đến Việt Nam', 10.5, 1587660814, 0, 'http://localhost:8888/trungdt/uploads/bun_rieu.gif', 0),
(24, 3, 'Spicy chicken', 'Spicy dishes suitable for the winter weather', 'This dish is very popular. You will not be able to stop eating it. Although spicy, the food will make you unforgettable.', 32, 1587660972, 1, 'http://localhost:8888/trungdt/uploads/dui_ga_sot_cay.jpg', 1),
(25, 1, 'Bún thang', 'Món ăn chỉ có ở Hà Nội.', 'Đây là món ăn gồm nhiều nguyên liệu của ngày Tết. Được gọi là bún thang do những topping được xếp thành từng góc giống như thang thuốc', 11.5, 1587661050, 0, 'http://localhost:8888/trungdt/uploads/bun_thang.jpg', 1),
(26, 2, 'Chà giò', 'Vị giòn ngon khó cưỡng, được xếp vào loại phải thử.', 'Món ăn có nhân gồm tôm, thịt, mộc nhĩ, nấm hương, miến, cà rốt và được cuốn bằng bánh tráng. Chiên giòn lên và thưởng thức cùng bạn bè thì không còn gì bằng.', 11, 1587661170, 1, 'http://localhost:8888/trungdt/uploads/cha_gio.jpg', 0),
(27, 2, 'Nem lụi', 'Nem lụi nướng thơm phức, dai dai hấp dẫn vô cùng.', 'Món ăn nhẹ rất được học sinh, sinh viên ưu thích. Vị nem nướng thơm, ăn kèm với bún, rau không gây ngấy, chấm cùng nước mắm chua ngọt.', 28, 1587661285, 0, 'http://localhost:8888/trungdt/uploads/nem_lui.jpg', 1),
(28, 3, 'Udon', 'Udon is a type of thick, wheat-flour noodle used frequently in Japanese cuisine.', 'It is often served hot as a noodle soup in its simplest form, as kake udon, in a mildly flavoured broth called kakejiru, which is made of dashi, soy sauce, and mirin.', 20, 1587661383, 1, 'http://localhost:8888/trungdt/uploads/udon.jpg', 1),
(29, 3, 'Tempura', 'Tempura is a Japanese dish usually consisting of seafood, and vegetables that have been battered and deep fried.', 'The dish was influenced by fritter-cooking techniques introduced by the Portuguese residing in Nagasaki in the 16th century. The name \"tempura\" originates from the Latin phrase quatuor anni tempora, which refers to the Ember Days, during which no meat is consumed.', 31, 1587661469, 1, 'http://localhost:8888/trungdt/uploads/tempura.jpg', 1),
(30, 2, 'Ramen', 'Ramen is a Japanese dish with a translation of \"pulled noodles\".', 'It consists of Chinese wheat noodles served in a meat or (occasionally) fish-based broth, often flavored with soy sauce or miso, and uses toppings such as sliced pork, nori (dried seaweed), menma, and scallions.', 27, 1587661562, 1, 'http://localhost:8888/trungdt/uploads/ramen.jpg', 1),
(31, 3, 'Grilled lamb chops', 'The dish must definitely try when coming to our restaurant.', 'Lamb dishes typical of the West but are modified according to the taste of Asians.', 60, 1587661757, 1, 'http://localhost:8888/trungdt/uploads/suon_cuu_nuong.jpg', 1),
(32, 3, 'Vịt nướng', 'Món vịt nướng rất được yêu thích ở Việt Nam.', 'Vịt tẩm ướp thơm ngon, tròn vị. Ăn kèm cơm, bún đều hợp. Nhất định không thể thiếu nước chấm chua cay mặn ngọt đủ vị.', 50, 1587661825, 1, 'http://localhost:8888/trungdt/uploads/vit_nuong.jpg', 1),
(33, 2, 'Tôm xào rau củ', 'Món ăn đưa cơm.', 'Món ăn phù hợp với những bữa cơm gia đình. Vừa ăn vừa trò chuyện gắn kết yêu thương.', 16, 1587661878, 0, 'http://localhost:8888/trungdt/uploads/tom_xao_rau_cu.jpg', 0);

--
-- Triggers `dish`
--
DELIMITER $$
CREATE TRIGGER `Auto insert dish_date_created` BEFORE INSERT ON `dish` FOR EACH ROW BEGIN
	SET NEW.dish_date_created = UNIX_TIMESTAMP();
END
$$
DELIMITER ;

-- --------------------------------------------------------

--
-- Table structure for table `dish_category`
--

CREATE TABLE `dish_category` (
  `dc_id` int(11) NOT NULL,
  `dc_name` varchar(255) COLLATE utf8_unicode_ci NOT NULL
) ENGINE=InnoDB DEFAULT CHARSET=utf8 COLLATE=utf8_unicode_ci;

--
-- Dumping data for table `dish_category`
--

INSERT INTO `dish_category` (`dc_id`, `dc_name`) VALUES
(1, 'Breakfast'),
(2, 'Lunch'),
(3, 'Dinner');

-- --------------------------------------------------------

--
-- Table structure for table `homepage`
--

CREATE TABLE `homepage` (
  `homepage_id` int(11) NOT NULL,
  `attribute_name` varchar(255) COLLATE utf8_unicode_ci NOT NULL,
  `attribute_value` text COLLATE utf8_unicode_ci NOT NULL
) ENGINE=InnoDB DEFAULT CHARSET=utf8 COLLATE=utf8_unicode_ci;

--
-- Dumping data for table `homepage`
--

INSERT INTO `homepage` (`homepage_id`, `attribute_name`, `attribute_value`) VALUES
(1, 'slides_top_banner', '[{\"slide_title\":\"trung b\\u00e9o\",\"slide_description\":\"trung b\\u00e9o 123\",\"button_link\":\"https:\\/\\/shopee.vn\\/search?keyword=s%C6%A1%20mi%20nam\",\"slide_image\":\"http:\\/\\/localhost:8888\\/trungdt\\/uploads\\/471905-gorgerous-japanese-art-wallpaper-1920x1080-macbook.jpg\"},{\"slide_image\":\"http:\\/\\/localhost:8888\\/trungdt\\/uploads\\/12804891_465324320322306_2575409268137656448_n.jpg\",\"slide_title\":\"thao\",\"slide_description\":\"thao\",\"button_link\":\"https:\\/\\/shopee.vn\\/%C3%81o-S%C6%A1-Mi-Nam-d%C3%A0i-tay-d%C3%A1ng-%C3%B4m-3-M%C3%80U-V%E1%BA%A3i-L%E1%BB%A5a-Th%C3%A1i-ch%E1%BB%91ng-nh%C4%83n-i.28426216.4204548156\"},{\"slide_image\":\"http:\\/\\/localhost:8888\\/trungdt\\/uploads\\/14671258_656412994522292_7630420893466580683_n.jpg\",\"slide_title\":\"giang\",\"slide_description\":\"giang\",\"button_link\":\"https:\\/\\/www.youtube.com\\/watch?v=rti0Gnwut7c&t=1023s\"}]'),
(2, 'header', '{\"social_network\":{\"facebook\":\"https:\\/\\/www.facebook.com\\/trung.2112\",\"twitter\":\"httphttps:\\/\\/www.facebook.com\\/trung.2112\",\"tumblr\":\"httphttps:\\/\\/www.facebook.com\\/trung.2112\",\"instagram\":\"https:\\/\\/www.facebook.com\\/trung.2112\"},\"hotline\":\"0866699660\",\"business_hours\":{\"open_time\":\"09:00\",\"close_time\":\"22:00\"}}');

-- --------------------------------------------------------

--
-- Table structure for table `reservation`
--

CREATE TABLE `reservation` (
  `id` int(11) NOT NULL,
  `customer_name` varchar(255) COLLATE utf8_unicode_ci NOT NULL,
  `customer_email` varchar(255) COLLATE utf8_unicode_ci NOT NULL,
  `customer_phone` varchar(255) COLLATE utf8_unicode_ci NOT NULL,
  `reservation_date` timestamp NOT NULL DEFAULT current_timestamp() ON UPDATE current_timestamp(),
  `reservation_time` timestamp NOT NULL DEFAULT current_timestamp(),
  `number_customer` int(11) NOT NULL
) ENGINE=InnoDB DEFAULT CHARSET=utf8 COLLATE=utf8_unicode_ci;

--
-- Dumping data for table `reservation`
--

INSERT INTO `reservation` (`id`, `customer_name`, `customer_email`, `customer_phone`, `reservation_date`, `reservation_time`, `number_customer`) VALUES
(6, '2', 'a@gmail.com', '123', '2014-12-12 18:13:00', '2014-12-12 18:13:00', 3);

-- --------------------------------------------------------

--
-- Table structure for table `user`
--

CREATE TABLE `user` (
  `user_email` varchar(255) COLLATE utf8_unicode_ci NOT NULL,
  `user_name` varchar(255) COLLATE utf8_unicode_ci NOT NULL,
  `user_password` varchar(255) COLLATE utf8_unicode_ci NOT NULL,
  `user_access` int(11) NOT NULL,
  `user_date_created` double NOT NULL
) ENGINE=InnoDB DEFAULT CHARSET=utf8 COLLATE=utf8_unicode_ci;

--
-- Dumping data for table `user`
--

INSERT INTO `user` (`user_email`, `user_name`, `user_password`, `user_access`, `user_date_created`) VALUES
('admin@gmail.com', 'Trần Văn Vở', 'admin123', 2, 0),
('admin123@gmail.com', 'Nguyễn Văn Vẻ', '123456', 2, 0),
('ductrung.2112xx@gmail.com', 'Đức Trung', 'trung123456', 1, 0),
('taithao@gmail.com', 'Thao', 'thao', 2, 1587442626),
('taithao123@gmail.com', 'Thao', 'thao123', 2, 1587442668),
('trungtran@gmail.com', 'Trần Trung', 'anhyeuem', 2, 0),
('trungtran123@gmail.com', 'Trần Trung', '123', 2, 1587442586);

--
-- Triggers `user`
--
DELIMITER $$
CREATE TRIGGER `Auto insert user_date_created` BEFORE INSERT ON `user` FOR EACH ROW BEGIN
	SET NEW.user_date_created = UNIX_TIMESTAMP();
END
$$
DELIMITER ;

--
-- Indexes for dumped tables
--

--
-- Indexes for table `bill_details`
--
ALTER TABLE `bill_details`
  ADD PRIMARY KEY (`bill_id`,`dish_id`),
  ADD KEY `dish_id` (`dish_id`);

--
-- Indexes for table `blog`
--
ALTER TABLE `blog`
  ADD PRIMARY KEY (`blog_id`),
  ADD KEY `FK_Blog_Blog_category` (`blog_category`);

--
-- Indexes for table `blog_category`
--
ALTER TABLE `blog_category`
  ADD PRIMARY KEY (`id`);

--
-- Indexes for table `dish`
--
ALTER TABLE `dish`
  ADD PRIMARY KEY (`dish_id`),
  ADD KEY `dc_id` (`dish_cat`);

--
-- Indexes for table `dish_category`
--
ALTER TABLE `dish_category`
  ADD PRIMARY KEY (`dc_id`);

--
-- Indexes for table `homepage`
--
ALTER TABLE `homepage`
  ADD PRIMARY KEY (`homepage_id`);

--
-- Indexes for table `reservation`
--
ALTER TABLE `reservation`
  ADD PRIMARY KEY (`id`);

--
-- Indexes for table `user`
--
ALTER TABLE `user`
  ADD PRIMARY KEY (`user_email`);

--
-- AUTO_INCREMENT for dumped tables
--

--
-- AUTO_INCREMENT for table `blog`
--
ALTER TABLE `blog`
  MODIFY `blog_id` int(11) NOT NULL AUTO_INCREMENT, AUTO_INCREMENT=30;

--
-- AUTO_INCREMENT for table `blog_category`
--
ALTER TABLE `blog_category`
  MODIFY `id` int(11) NOT NULL AUTO_INCREMENT, AUTO_INCREMENT=25;

--
-- AUTO_INCREMENT for table `dish`
--
ALTER TABLE `dish`
  MODIFY `dish_id` int(11) NOT NULL AUTO_INCREMENT, AUTO_INCREMENT=34;

--
-- AUTO_INCREMENT for table `dish_category`
--
ALTER TABLE `dish_category`
  MODIFY `dc_id` int(11) NOT NULL AUTO_INCREMENT, AUTO_INCREMENT=9;

--
-- AUTO_INCREMENT for table `homepage`
--
ALTER TABLE `homepage`
  MODIFY `homepage_id` int(11) NOT NULL AUTO_INCREMENT, AUTO_INCREMENT=3;

--
-- AUTO_INCREMENT for table `reservation`
--
ALTER TABLE `reservation`
  MODIFY `id` int(11) NOT NULL AUTO_INCREMENT, AUTO_INCREMENT=7;

--
-- Constraints for dumped tables
--

--
-- Constraints for table `bill_details`
--
ALTER TABLE `bill_details`
  ADD CONSTRAINT `bill_details_ibfk_1` FOREIGN KEY (`dish_id`) REFERENCES `dish` (`dish_id`);

--
-- Constraints for table `blog`
--
ALTER TABLE `blog`
  ADD CONSTRAINT `FK_Blog_Blog_category` FOREIGN KEY (`blog_category`) REFERENCES `blog_category` (`id`) ON DELETE NO ACTION ON UPDATE CASCADE;

--
-- Constraints for table `dish`
--
ALTER TABLE `dish`
  ADD CONSTRAINT `FK_dish_dishCategory` FOREIGN KEY (`dish_cat`) REFERENCES `dish_category` (`dc_id`) ON DELETE NO ACTION ON UPDATE CASCADE;
COMMIT;

/*!40101 SET CHARACTER_SET_CLIENT=@OLD_CHARACTER_SET_CLIENT */;
/*!40101 SET CHARACTER_SET_RESULTS=@OLD_CHARACTER_SET_RESULTS */;
/*!40101 SET COLLATION_CONNECTION=@OLD_COLLATION_CONNECTION */;
